SKU,DESCRIÇÃO,FILA,TORRE,NÍVEL,ENDEREÇO,QTD
VAZIO,VAZIO,A,1,1.0,A-1-1,1
VAZIO,VAZIO,A,1,2.0,A-1-2,2
VAZIO,VAZIO,A,1,3.0,A-1-3,3
VAZIO,VAZIO,A,1,4.0,A-1-4,4
VAZIO,VAZIO,A,1,5.0,A-1-5,5
TGSA57412000,SSG ,A,2,1.0,A-2-1,6
TGSA57162000,SSG ,A,2,1.0,A-2-1,7
TGSA509B4000,SSG GALAXY A256E 5G 256G AZM PPB/P291/14,A,2,2.0,A-2-2,8
TGSA529B4000,SSG GALAXY A556E 256GB AZM PPB/P291/14,A,2,2.0,A-2-2,9
TGSA57212000,SSG ,A,2,2.0,A-2-2,10
VAZIO,VAZIO,A,2,3.0,A-2-3,11
VAZIO,VAZIO,A,2,4.0,A-2-4,12
VAZIO,VAZIO,A,2,5.0,A-2-5,13
VAZIO,VAZIO,A,2,5.0,A-2-5,14
TGSA56224000,SSG GALAXY A366E 256GB BR PPB/P291/14,A,3,1.0,A-3-1,15
TGSA56264000,SSG GALAXY A366E 256GB PT PPB/P291/14,A,3,1.0,A-3-1,16
TGSA56364000,SSG GALAXY A566E 256GB PT PPB/P291/14,A,3,2.0,A-3-2,17
TGSA563C4000,SSG GALAXY A566E 256GB CZ PPB/P291/14,A,3,3.0,A-3-3,18
TGSA56842000,SSG GALAXY S937B 512GB TN PR PPB/P291/12,A,3,3.0,A-3-3,19
TGSA56862000,SSG GALAXY S937B 512GB TN PT PPB/P291/12,A,3,4.0,A-3-4,20
TGSA56124000,SSG GALAXY A266M 256GB BR PPB/P291/14,A,3,4.0,A-3-4,21
VAZIO,VAZIO,A,3,5.0,A-3-5,22
TGSA55344000,SSG GALAXY S931B 256GB PR PPB/P291/14,A,4,1.0,A-4-1,23
TGSA553B4000,SSG GALAXY S931B 256GB AZM PPB/P291/14,A,4,1.0,A-4-1,24
TGSA55414000,SSG GALAXY S936B 256GB AZ PPB/P291/14,A,4,1.0,A-4-1,25
TGSA55314000,SSG GALAXY S931B 256GB AZ PPB/P291/14,A,4,1.0,A-4-1,26
TGSA55444000,SSG GALAXY S936B 256GB PR PPB/P291/14,A,4,2.0,A-4-2,27
TGSA554B4000,SSG GALAXY S936B 256GB AZM PPB/P291/14,A,4,2.0,A-4-2,28
TGSA55614000,SSG GALAXY S938B 256GB TN AZ PPB/P291/14,A,4,2.0,A-4-2,29
TGSA55642000,SSG GALAXY S938B 256GB TN PR PPB/P291/12,A,4,2.0,A-4-2,30
TGSA556C4000,SSG GALAXY S938B 256GB TN CZ PPB/P291/14,A,4,3.0,A-4-3,31
TGSA55662000,SSG GALAXY S938B 256GB TN PT PPB/P291/12,A,4,3.0,A-4-3,32
TGSA556C2000,SSG GALAXY S938B 256GB TN CZ PPB/P291/12,A,4,3.0,A-4-3,33
TGSA55664000,SSG GALAXY S938B 256GB TN PT PPB/P291/14,A,4,4.0,A-4-4,34
TGSA56064000,SSG GALAXY A066M 128GB PT PPB/P291/14,A,4,4.0,A-4-4,35
TGSA56164000,SSG GALAXY A266M 256GB PT PPB/P291/14,A,4,4.0,A-4-4,36
TGSA56162000,SSG ,A,4,5.0,A-4-5,37
TGSA515R4000,SSG GALAXY S926B 5G 512GB VT PPB/P291/14,A,5,1.0,A-5-1,38
TGSA51762000,SSG GALAXY S928B 5G 512GB PT PPB/P291/12,A,5,1.0,A-5-1,39
TGSA51764000,SSG GALAXY S928B 5G 512GB PT PPB/P291/14,A,5,1.0,A-5-1,40
TGSA52012000,SSG GALAXY A156M 5G 128GB AZ PPB/291/12,A,5,1.0,A-5-1,41
TGSA52014000,SSG GALAXY A156M 5G 128GB AZ PPB/291/14,A,5,1.0,A-5-1,42
TGSA522B2000,SSG GALAXY A156MEE 128GB AZM PPB/P291/12,A,5,2.0,A-5-2,43
TGSA526B4000,SSG GALAXY A356E 256GB AZM PPB/P291/14,A,5,2.0,A-5-2,44
TGSA530B4000,SSG GALAXY A556EE 256GB AZM PPB/P291/14,A,5,2.0,A-5-2,45
TGSA536C2000,SSG GALAXY F956B 512GB CZ PPB/P291/12,A,5,2.0,A-5-2,46
TGSA53712000,SSG GALAXY F741B 256GB AZ PPB/P291/12,A,5,3.0,A-5-3,47
TGSA53812000,SSG GALAXY F741B 512GB AZ PPB/P291/12,A,5,3.0,A-5-3,48
TGSA538C2000,SSG GALAXY F741B 512GB CZ PPB/P291/12,A,5,3.0,A-5-3,49
TGSA543C4000,SSG GALAXY S721B 256GB CZ PPB/P291/14,A,5,3.0,A-5-3,50
TGSA546B4000,SSG GALAXY A166M 128GB AZM PPB/P291/14,A,5,4.0,A-5-4,51
TGSA548B4000,SSG GALAXY A166MEE 128GB AZM PPB/P291/14,A,5,4.0,A-5-4,52
TGSA548B4000,SSG GALAXY A166MEE 128GB AZM PPB/P291/14,A,5,5.0,A-5-5,53
TGSA546C4000,SSG GALAXY A166M 128GB CZ PPB/P291/14,A,5,5.0,A-5-5,54
TGSA500G2000,SSG GALAXY S711B 256GB VD PPB/PI291/12,A,6,1.0,A-6-1,55
TGSA500G4000,SSG GALAXY S711B 256GB VD PPB/PI291/14,A,6,1.0,A-6-1,56
TGSA50844000,SSG GALAXY A055M 128GB PR PPB/PI291/14,A,6,1.0,A-6-1,57
TGSA50864000,SSG GALAXY A055M 128GB PT PPB/PI291/14,A,6,1.0,A-6-1,58
TGSA508G4000,SSG GALAXY A055M 128GB VD PPB/PI291/14,A,6,1.0,A-6-1,59
TGSA509B4000,SSG GALAXY A256E 5G 256G AZM PPB/P291/14,A,6,2.0,A-6-2,60
TGSA51064000,SSG GALAXY A057M 128GB PT PPB/PI291/14,A,6,2.0,A-6-2,61
TGSA51162000,SSG GALAXY S921B 5G 128GB PT PPB/P291/12,A,6,2.0,A-6-2,62
TGSA51164000,SSG GALAXY S921B 5G 128GB PT PPB/P291/14,A,6,2.0,A-6-2,63
TGSA511A2000,SSG GALAXY S921B 5G 128GB BG PPB/P291/12,A,6,2.0,A-6-2,64
TGSA511A4000,SSG GALAXY S921B 5G 128GB BG PPB/P291/14,A,6,3.0,A-6-3,65
TGSA511C4000,SSG GALAXY S921B 5G 128GB CZ PPB/P291/14,A,6,3.0,A-6-3,66
TGSA511R4000,SSG GALAXY S921B 5G 128GB VT PPB/P291/14,A,6,3.0,A-6-3,67
TGSA51264000,SSG GALAXY S921B 5G 256GB PT PPB/P291/14,A,6,3.0,A-6-3,68
TGSA512A4000,SSG GALAXY S921B 5G 256GB BG PPB/P291/14,A,6,3.0,A-6-3,69
TGSA512C4000,SSG GALAXY S921B 5G 256GB CZ PPB/P291/14,A,6,3.0,A-6-3,70
TGSA51464000,SSG GALAXY S926B 5G 256GB PT PPB/P291/14,A,6,4.0,A-6-4,71
TGSA514R4000,SSG GALAXY S926B 5G 256GB VT PPB/P291/14,A,6,4.0,A-6-4,72
TGSA51562000,SSG GALAXY S926B 5G 512GB PT PPB/P291/12,A,6,4.0,A-6-4,73
TGSA51564000,SSG GALAXY S926B 5G 512GB PT PPB/P291/14,A,6,4.0,A-6-4,74
TGSA515C4000,SSG GALAXY S926B 5G 512GB CZ PPB/P291/14,A,6,4.0,A-6-4,75
TGSA52014000,SSG GALAXY A156M 5G 128GB AZ PPB/291/14,A,6,5.0,A-6-5,76
TGSA521B4000,SSG GALAXY A156M 5G 256GB AZM PPB/291/14,A,6,5.0,A-6-5,77
TGSA522B2000,SSG GALAXY A156MEE 128GB AZM PPB/P291/12,A,6,5.0,A-6-5,78
TGSA526B4000,SSG GALAXY A356E 256GB AZM PPB/P291/14,A,6,5.0,A-6-5,79
TGSA5306B400,SSG ,A,6,5.0,A-6-5,80
TGSA396B2000,SAMSUNG G780G 128G SMART AM PPB/PI432/11,A,7,1.0,A-7-1,81
TGSA43224000,SSG GALAXY S906E 128GB BR PPB/PI291/14,A,7,1.0,A-7-1,82
TGSA43264000,SSG GALAXY S906E 128GB PT PPB/PI291/14,A,7,1.0,A-7-1,83
TGSA43514000,SAMSUNG GALAXY A536E AZ PPB/PI291/14,A,7,1.0,A-7-1,84
TGSA43524000,SAMSUNG GALAXY A536E BR PPB/PI291/14,A,7,1.0,A-7-1,85
TGSA43564000,SAMSUNG GALAXY A536E PT PPB/PI291/14,A,7,2.0,A-7-2,86
TGSA43864000,SAMSUNG GALAXY A135M PT PPB/PI291/14,A,7,2.0,A-7-2,87
TGSA45392000,SSG F721B SMART 128GB RO PPB/PI291/12,A,7,2.0,A-7-2,88
TGSA453R2000,SSG F721B SMART 128GB VT PPB/PI291/12,A,7,2.0,A-7-2,89
TGSA46014000,SSG A236M SMART 128GB AZ PPB/PI291/14,A,7,2.0,A-7-2,90
TGSA46064000,SSG A236M SMART 128GB PT PPB/PI291/14,A,7,3.0,A-7-3,91
TGSA46164000,SSG A042M SMART 64GB PT PPB/PI291/14,A,7,3.0,A-7-3,92
TGSA463G4000,SSG GALAXY S911B 128GB VD PPB/PI291/14,A,7,3.0,A-7-3,93
TGSA46664000,SSG GALAXY S918B 256GB PT PPB/PI291/14,A,7,3.0,A-7-3,94
TGSA467A4000,SSG GALAXY S918B 512GB BG PPB/PI291/14,A,7,3.0,A-7-3,95
TGSA47564000,SSG GALAXY A546E 256GB PT PPB/PI291/14,A,7,4.0,A-7-4,96
TGSA47664000,SSG GALAXY A346M 256GB PT PPB/PI291/14,A,7,4.0,A-7-4,97
TGSA48962000,SSG GALAXY F946B 512GB PT PPB/PI291/12,A,7,4.0,A-7-4,98
TGSA49152000,SSG GALAXY F731B 512GB GF PPB/PI291/12,A,7,4.0,A-7-4,99
TGSA500A2000,SSG GALAXY S711B 256GB BG PPB/PI291/12,A,7,4.0,A-7-4,100
VAZIO,VAZIO,A,7,5.0,A-7-5,101
VAZIO,VAZIO,A,7,5.0,A-7-5,102
DGAP23483000,APPLE IPHONE 16 PRO 512GB BZ,B,1,1.0,B-1-1,103
DGAP23563000,APPLE IPHONE 16 PRO 1TB PT,B,1,1.0,B-1-1,104
DGAP23663000,APPLE IPHONE 16 PRO MAX 256GB PT,B,1,1.0,B-1-1,105
DGAP23673000,APPLE IPHONE 16 PRO MAX 256GB TN,B,1,1.0,B-1-1,106
DGAP25683000,APPLE ,B,1,2.0,B-1-2,107
DGAP23686000,APPLE IPHONE 16 PRO MAX 256GB BZ DEMO,B,1,2.0,B-1-2,108
DGAP23783000,APPLE IPHONE 16 PRO MAX 512GB BZ,B,1,3.0,B-1-3,109
DGAP23763000,APPLE IPHONE 16 PRO MAX 512GB PT,B,1,3.0,B-1-3,110
DGAP23863000,APPLE IPHONE 16 PRO MAX 1TB PT,B,1,3.0,B-1-3,111
DGAP23916000,APPLE IPHONE 16 128GB AZ DEMO,B,1,3.0,B-1-3,112
DGAP23883000,APPLE IPHONE 16 PRO MAX 1TB BZ,B,1,3.0,B-1-3,113
DGAP25022000,APPLE IPHONE 16E 256GB N BR,B,1,4.0,B-1-4,114
DGAP25062000,APPLE IPHONE 16E 256GB N PT,B,1,4.0,B-1-4,115
VAZIO,VAZIO,B,1,5.0,B-1-5,116
DGAP21423000,APPLE IPHONE 15 PRO MAX 1TB BR,B,2,1.0,B-2-1,117
DGAP21463000,APPLE IPHONE 15 PRO MAX 1TB PT,B,2,1.0,B-2-1,118
DGAP21473000,APPLE IPHONE 15 PRO MAX 1TB TN,B,2,1.0,B-2-1,119
DGAP22722000,APPLE IPHONE 16 256GB N BR,B,2,2.0,B-2-2,120
DGAP22762000,APPLE IPHONE 16 256GB N PT,B,2,2.0,B-2-2,121
DGAP22822000,APPLE IPHONE 16 512GB N BR,B,2,2.0,B-2-2,122
VAZIO,VAZIO,B,2,2.0,B-2-2,123
DGAP22913000,APPLE IPHONE 16 PLUS 128GB AZ,B,2,3.0,B-2-3,124
DGAP23013000,APPLE ,B,2,3.0,B-2-3,125
DGAP23023000,APPLE ,B,2,3.0,B-2-3,126
DGAP23063000,APPLE IPHONE 16 PLUS 256GB PT,B,2,3.0,B-2-3,127
DGAP23273000,APPLE IPHONE 16 PRO 128GB TN,B,2,3.0,B-2-3,128
VAZIO,VAZIO,B,2,3.0,B-2-3,129
DGAP23263000,APPLE IPHONE 16 PRO 128GB PT,B,2,3.0,B-2-3,130
DGAP23283000,APPLE IPHONE 16 PRO 128GB BZ,B,2,4.0,B-2-4,131
DGAP23363000,APPLE IPHONE 16 PRO 256GB PT,B,2,4.0,B-2-4,132
DGAP23373000,APPLE IPHONE 16 PRO 256GB TN,B,2,4.0,B-2-4,133
DGAP23376000,APPLE IPHONE 16 PRO 256GB TN DEMO,B,2,4.0,B-2-4,134
DGAP23383000,APPLE IPHONE 16 PRO 256GB BZ,B,2,4.0,B-2-4,135
DGAP23463000,APPLE IPHONE 16 PRO 512GB PT,B,2,4.0,B-2-4,136
VAZIO,VAZIO,B,2,4.0,B-2-4,137
VAZIO,VAZIO,B,2,5.0,B-2-5,138
DGAP17962000,APPLE IPHONE 14 PLUS 256GB N PT,B,3,1.0,B-3-1,139
DGAP18163000,APPLE IPHONE 14 PRO 128GB PT,B,3,1.0,B-3-1,140
DGAP183R3000,APPLE IPHONE 14 PRO 512GB RX,B,3,1.0,B-3-1,141
DGAP18863000,APPLE IPHONE 14 PRO MAX 1TB PT,B,3,1.0,B-3-1,142
DGAP18363000,APPLE IPHONE 14 PRO 512GB PT,B,3,1.0,B-3-1,143
DGAP20312000,APPLE IPHONE 15 256GB N AZ,B,3,2.0,B-3-2,144
DGAP20362000,APPLE IPHONE 15 256GB N PT,B,3,2.0,B-3-2,145
DGAP20462000,APPLE IPHONE 15 512GB N PT,B,3,3.0,B-3-3,146
DGAP204G3000,APPLE IPHONE 15 512GB VD,B,3,3.0,B-3-3,147
DGAP204P3000,APPLE IPHONE 15 512GB RS,B,3,3.0,B-3-3,148
DGAP204Y3000,APPLE IPHONE 15 512GB AM,B,3,3.0,B-3-3,149
DGAP20563000,APPLE IPHONE 15 PLUS 128GB PT,B,3,3.0,B-3-3,150
DGAP20663000,APPLE IPHONE 15 PLUS 256GB PT,B,3,4.0,B-3-4,151
DGAP21023000,APPLE IPHONE 15 PRO 512GB BR,B,3,4.0,B-3-4,152
DGAP21063000,APPLE ,B,3,4.0,B-3-4,153
DGAP21263000,APPLE IPHONE 15 PRO MAX 256GB PT,B,3,4.0,B-3-4,154
DGAP21313000,APPLE IPHONE 15 PRO MAX 512GB AZ,B,3,4.0,B-3-4,155
DGAP21363000,APPLE IPHONE 15 PRO MAX 512GB PT,B,3,4.0,B-3-4,156
VAZIO,VAZIO,B,3,5.0,B-3-5,157
DGAP12262000,APPLE IPHONE 12 128GB NAC PT,B,4,1.0,B-4-1,158
DGAP12662000,APPLE IPHONE 12 256GB NAC PT,B,4,1.0,B-4-1,159
DGAP13962000,APPLE IPHONE SE 64GB PT NAC,B,4,1.0,B-4-1,160
DGAP14862000,APPLE IPHONE 13 256GB PT N,B,4,1.0,B-4-1,161
DGAP14913000,APPLE IPHONE 13 512GB AZ,B,4,1.0,B-4-1,162
DGAP14922000,APPLE IPHONE 13 512GB BR N,B,4,1.0,B-4-1,163
DGAP14923000,APPLE IPHONE 13 512GB BR,B,4,2.0,B-4-2,164
DGAP14962000,APPLE IPHONE 13 512GB PT N,B,4,2.0,B-4-2,165
DGAP14963000,APPLE IPHONE 13 512GB PT,B,4,2.0,B-4-2,166
DGAP17612000,APPLE IPHONE 14 256GB N AZ,B,4,2.0,B-4-2,167
DGAP17622000,APPLE IPHONE 14 256GB N BR,B,4,3.0,B-4-3,168
DGAP17662000,APPLE IPHONE 14 256GB N PT,B,4,3.0,B-4-3,169
DGAP17703000,APPLE IPHONE 14 512GB VM,B,4,4.0,B-4-4,170
DGAP17713000,APPLE IPHONE 14 512GB AZ,B,4,4.0,B-4-4,171
DGAP177R3000,APPLE IPHONE 14 512GB RX,B,4,4.0,B-4-4,172
DGAP17863000,APPLE IPHONE 14 PLUS 128GB PT,B,4,4.0,B-4-4,173
DGAP17903000,APPLE IPHONE 14 PLUS 256GB VM,B,4,4.0,B-4-4,174
DGAP17913000,APPLE IPHONE 14 PLUS 256GB AZ,B,4,4.0,B-4-4,175
VAZIO,VAZIO,B,4,5.0,B-4-5,176
TGMO492G2000,MOTOROLA XT2551-6 SMARTPHONE 1TB VD,B,5,1.0,B-5-1,177
VAZIO,VAZIO,B,5,2.0,B-5-2,178
VAZIO,VAZIO,B,5,3.0,B-5-3,179
VAZIO,VAZIO,B,5,4.0,B-5-4,180
VAZIO,VAZIO,B,5,5.0,B-5-5,181
VAZIO,VAZIO,B,5,6.0,B-5-6,182
TGMO47952000,MOTOROLA XT2433-1 SMARTPHONE 128GB GF,B,6,0.0,B-6-0,183
TGMO55602000,MOTOROLA XT2527-1 SMARTPHONE 256GB VM,B,6,1.0,B-6-1,184
TGMO55652000,MOTOROLA XT2527-1 SMARTPHONE 256GB GF,B,6,1.0,B-6-1,185
TGMO501G2000,MOTOROLA XT2529-1 SMARTPHONE 256GB VD,B,6,2.0,B-6-2,186
TGMO501C2000,MOTOROLA XT2529-1 SMARTPHONE 256GB CZ,B,6,2.0,B-6-2,187
TGMO50152000,MOTOROLA XT2529-1 SMARTPHONE 256GB GF,B,6,2.0,B-6-2,188
TGMO491C2000,MOTOROLA XT2503-1 SMARTPHONE 256GB CZ,B,6,3.0,B-6-3,189
TGMO491P2000,MOTOROLA XT2503-1 SMARTPHONE 256GB RS,B,6,3.0,B-6-3,190
TGMO498C2000,MOTOROLA XT2507-1 SMARTPHONE 512GB CZ,B,6,3.0,B-6-3,191
TGMO481C2000,MOTOROLA XT2437-1 SMARTPHONE 256GB CZ,B,6,4.0,B-6-4,192
TGMO48162000,MOTOROLA XT2437-1 SMARTPHONE 256GB PT,B,6,4.0,B-6-4,193
TGMO48262000,MOTOROLA XT2435-1 SMARTPHONE 256GB PT,B,6,4.0,B-6-4,194
TGMO488B2000,MOTOROLA XT2521-2 SMARTPHONE 128GB AZM,B,6,4.0,B-6-4,195
TGMO475C2000,MOTOROLA XT2453-1 SMARTPHONE 512GB CZ,B,6,5.0,B-6-5,196
TGMO475U2000,MOTOROLA XT2453-1 SMARTPHONE 512GB LJ,B,6,5.0,B-6-5,197
TGMO470B2000,MOTOROLA XT2451-3 SMARTPHONE 512GB AZM,B,6,6.0,B-6-6,198
TGMO470G2000,MOTOROLA XT2451-3 SMARTPHONE 512GB VD,B,6,6.0,B-6-6,199
TGMO475A2000,MOTOROLA XT2453-1 SMARTPHONE 512GB BG,B,6,6.0,B-6-6,200
TGMO461U2000,MOTOROLA XT2401-1 SMARTPHONE 512GB PG,B,7,1.0,B-7-1,201
TGMO461M2000,MOTOROLA XT2401-1 SMARTPHONE 512GB MR,B,7,1.0,B-7-1,202
TGMO45752000,MOTOROLA XT2421-1 SMARTPHONE 128GB GF,B,7,2.0,B-7-2,203
TGMO455G2000,MOTOROLA XT2343-1 SMARTPHONE 5G 256GB VD,B,7,2.0,B-7-2,204
TGMO45852000,MOTOROLA XT2423-6 SMARTPHONE 128GB GF,B,7,2.0,B-7-2,205
TGMO460B2000,MOTOROLA XT2429-1 SMARTPHONE 256GB AZM,B,7,2.0,B-7-2,206
TGMO460P2000,MOTOROLA XT2429-1 SMARTPHONE 256GB RS,B,7,2.0,B-7-2,207
TGMO45662000,MOTOROLA XT2363-1 SMARTPHONE 5G 128GB PT,B,7,2.0,B-7-2,208
TGMO45162000,MOTOROLA XT2307-1 SMARTPHONE 256GB PT,B,7,3.0,B-7-3,209
TGMO451G2000,MOTOROLA XT2307-1 SMARTPHONE 256GB VD,B,7,3.0,B-7-3,210
TGMO451U2000,MOTOROLA XT2307-1 SMARTPHONE 256GB LJ,B,7,3.0,B-7-3,211
TGMO45212000,MOTOROLA XT2347-1 SMARTPHONE 256GB AZ,B,7,3.0,B-7-3,212
TGMO45312000,MOTOROLA XT2343-1 SMARTPHONE 128GB AZ,B,7,3.0,B-7-3,213
TGMO42362000,MOTOROLA XT2231-1 SMARTPHONE PT,B,7,4.0,B-7-4,214
TGMO43302000,MOTOROLA XT2243-1 SMARTPHONE VM,B,7,4.0,B-7-4,215
TGMO43852000,MOTOROLA XT2335-1 SMARTPHONE GF,B,7,4.0,B-7-4,216
TGMO44152000,MOTOROLA XT2345-1 SMARTPHONE 64GB GF,B,7,4.0,B-7-4,217
TGMO447U2000,MOTOROLA XT2321-1 SMARTPHONE 256GB LJ,B,7,4.0,B-7-4,218
TGMO43222000,MOTOROLA XT2241-2 SMARTPHONE BR,B,7,5.0,B-7-5,219
TGMO411G2000,MOTOROLA XT2139-2 SMARTPHONE VD,B,7,5.0,B-7-5,220
TGMO416C2000,MOTOROLA XT2155-1 SMARTPHONE CZ,B,7,5.0,B-7-5,221
TGMO41812000,MOTOROLA XT2173-1 SMARTPHONE AZ,B,7,5.0,B-7-5,222
TGMO42212000,MOTOROLA XT2201-1 SMARTPHONE AZ,B,7,5.0,B-7-5,223
TGMO42362000,MOTOROLA XT2231-1 SMARTPHONE PT,B,7,5.0,B-7-5,224
22022752,OVVI CM CP IPHONE 15 TECIDO MAGSAFE PT,C,1,2.0,C-1-2,225
22022858,OVVI CM CP IPHONE 16PMAX SILIC MGSAFE PT,C,1,5.0,C-1-5,226
22022626,OVVI CM CP IPHONE 13 MAGSAFE TPT,C,2,3.0,C-2-3,227
22022713,OVVI CM CP IPHONE 15 SILIC MGSAFE VM,C,2,4.0,C-2-4,228
22023192,OVVI CM CP IPHONE 16PRO SILIC MGSAFE PT,C,3,2.0,C-3-2,229
22021298,OVVI CM CP SILICONE IPHONE 14 PRO PT,C,3,4.0,C-3-4,230
22022746,OVVI CM CP IPHONE 15 HOLO MAGSAFE,C,1,1.0,C-1-1,231
22022747,OVVI CM CP IPHONE 13 SILIC MAGSAFE PT,C,1,1.0,C-1-1,232
22022748,OVVI CM CP IPHONE 15 SILIC MAGSAFE PT,C,1,1.0,C-1-1,233
22022749,OVVI CM CP GALAXY S24+ SILIC PT,C,1,1.0,C-1-1,234
22022750,OVVI CM CP GALAXY S24 SILIC PT,C,1,2.0,C-1-2,235
22022753,OVVI CM CP IPHONE 15 CLEAR MAGSAFE TPT,C,1,2.0,C-1-2,236
22022758,OVVI CM CP GALAXY S24 ULTRA SILIC PT,C,1,2.0,C-1-2,237
22022845,OVVI CM CP IPHONE 16 ANTIBAC BR,C,1,3.0,C-1-3,238
22022847,OVVI CM CP IPHONE 16PLUS ANTIBAC BR,C,1,3.0,C-1-3,239
22022848,OVVI CM CP IPHONE 16PLUS CLEAR MGSAFE,C,1,3.0,C-1-3,240
22022849,OVVI CM CP IPHONE 16PLUS SILIC MGSAFE AZ,C,1,3.0,C-1-3,241
22022850,OVVI CM CP IPHONE 16PLUS SILIC MGSAFE CZ,C,1,4.0,C-1-4,242
22022851,OVVI CM CP IPHONE 16PLUS SILIC MGSAFE PT,C,1,4.0,C-1-4,243
22022852,OVVI CM CP IPHONE 16PRO ANTIBAC BR,C,1,4.0,C-1-4,244
22022854,OVVI CM CP IPHONE 16PMAX ANTIBAC BR,C,1,5.0,C-1-5,245
22022856,OVVI CM CP IPHONE 16PMAX SILIC MGSAFE AZ,C,1,5.0,C-1-5,246
22022857,OVVI CM CP IPHONE 16PMAX SILIC MGSAFE CZ,C,1,5.0,C-1-5,247
22022859,OVVI CM CP IPHONE 16PMAX SILIC MGSAFE RS,C,1,6.0,C-1-6,248
22022860,OVVI CM CP IPHONE 16PMAX SILIC MGSAFE VD,C,1,6.0,C-1-6,249
22022861,OVVI CM CP IPHONE 16PMX SILIC MGSAFE VDC,C,1,6.0,C-1-6,250
22022863,OVVI CM CP IPHONE 16PRO SILIC MGSAFE AZ,C,1,6.0,C-1-6,251
22022864,OVVI CM CP IPHONE 16PRO SILIC MGSAFE CZ,C,1,7.0,C-1-7,252
22022865,OVVI CM CP IPHONE 16PRO SILIC MGSAFE PT,C,1,7.0,C-1-7,253
22022866,OVVI CM CP IPHONE 16PRO SILIC MGSAFE RS,C,1,7.0,C-1-7,254
22022867,OVVI CM CP IPHONE 16PRO SILIC MGSAFE VD,C,1,7.0,C-1-7,255
22022277,OVVI CM CP GALAXY S24 SILIC PT,C,2,1.0,C-2-1,256
22022278,OVVI CM CP GALAXY S24 ANTIBAC PT,C,2,1.0,C-2-1,257
22022279,OVVI CM CP GALAXY S24 ANTIBAC BR,C,2,1.0,C-2-1,258
22022280,OVVI CM CP GALAXY S24+ SILIC PT,C,2,2.0,C-2-2,259
22022281,OVVI CM CP GALAXY S24+ ANTIBAC PT,C,2,2.0,C-2-2,260
22022282,OVVI CM CP GALAXY S24+ ANTIBAC BR,C,2,2.0,C-2-2,261
22022283,OVVI CM CP GALAXY S24 ULTRA SILIC PT,C,2,2.0,C-2-2,262
22022284,OVVI CM CP GALAXY S24 ULTRA ANTIBAC PT,C,2,2.0,C-2-2,263
22022305,OVVI CM CP GALAXY S24 ULTRA ANTIBAC BR,C,2,3.0,C-2-3,264
22022545,OVVI CM CP IPHONE 14 MAGSAFE 2.0 TPT,C,2,3.0,C-2-3,265
22022625,OVVI CM CP IPHONE 14 MAGSAFE 2.0 TPT,C,2,3.0,C-2-3,266
22022694,OVVI CM CP GALAXY S24 ANTIBAC BR,C,2,4.0,C-2-4,267
22022710,OVVI CM CP IPHONE 15 SILIC MGSAFE AM,C,2,4.0,C-2-4,268
22022712,OVVI CM CP IPHONE 15 SILIC MGSAFE LL,C,2,4.0,C-2-4,269
22022735,OVVI CM CP IPHONE 14 ANTIBAC BR,C,2,5.0,C-2-5,270
22022736,OVVI CM CP IPHONE 14 ANTIBAC PT,C,2,5.0,C-2-5,271
22022713,OVVI CM CP IPHONE 15 SILIC MGSAFE VM,C,2,5.0,C-2-5,272
22022737,OVVI CM CP IPHONE 15 ANTIBAC BR,C,2,6.0,C-2-6,273
22022738,OVVI CM CP IPHONE 15 ANTIBAC PT,C,2,6.0,C-2-6,274
22022741,OVVI CM CP GALAXY S24 ULTRA ANTIBAC BR,C,2,6.0,C-2-6,275
22022739,APPLE ,C,2,6.0,C-2-6,276
22022742,OVVI CM CP GALAXY S24 ULTRA ANTIBAC PT,C,2,7.0,C-2-7,277
22022743,OVVI CM CP GALAXY S24+ ANTIBAC PT,C,2,7.0,C-2-7,278
22022744,OVVI CM CP GALAXY S24+ ANTIBAC BR,C,2,7.0,C-2-7,279
22021462,OVVI CM CP IPHONE 14 PRO ALÇA PERSO PT,C,3,1.0,C-3-1,280
22021463,OVVI CM CP IPHONE 14 PMAX ALÇA PERSO PT,C,3,1.0,C-3-1,281
22021465,OVVI CM CP IPHONE 12/12P ALÇA PERSO PT,C,3,1.0,C-3-1,282
22021466,OVVI CM CP GALAXY S22 ALÇA PERSO PT,C,3,1.0,C-3-1,283
22022089,OVVI CM CP IPHONE 15 ANTIBAC BR,C,3,2.0,C-3-2,284
22022090,OVVI CM CP IPHONE 15PMAX ANTIBAC PT,C,3,2.0,C-3-2,285
22022091,OVVI CM CP IPHONE 15PMAX ANTIBAC BR,C,3,3.0,C-3-3,286
22022092,OVVI CM CP IPHONE 15PLUS ANTIBAC PT,C,3,3.0,C-3-3,287
22022093,OVVI CM CP IPHONE 15PRO ANTIBAC BR,C,3,4.0,C-3-4,288
22022094,OVVI CM CP IPHONE 15PRO ANTIBAC PT,C,3,4.0,C-3-4,289
22022095,OVVI CM CP IPHONE 15 CLEAR MAGSAFE TPT,C,3,4.0,C-3-4,290
22022097,OVVI CM CP IPHONE 15 HOLO MAGSAFE,C,3,5.0,C-3-5,291
22022098,APPLE ,C,3,5.0,C-3-5,292
22022101,OVVI CM CP IPHONE 15PLUS SILIC MGSAFE AM,C,3,5.0,C-3-5,293
22022102,OVVI CM CP IPHONE 15PLUS SILIC MGSAFE PT,C,3,5.0,C-3-5,294
22022105,OVVI CM CP IPHONE 15PRO HOLO MAGSAFE,C,3,5.0,C-3-5,295
22022106,OVVI CM CP IPHONE 15PMAX CLEAR MAGSAFE,C,3,5.0,C-3-5,296
22022111,OVVI CM CP IPHONE 15PMAX SILIC MGSAFE LL,C,3,5.0,C-3-5,297
22022112,OVVI CM CP IPHONE 15PMAX SILIC MGSAFE PT,C,3,5.0,C-3-5,298
22022114,OVVI CM CP IPHONE 15PRO SILIC MGSAFE AM,C,3,6.0,C-3-6,299
22022115,OVVI CM CP IPHONE 15PRO SILIC MGSAFE LL,C,3,6.0,C-3-6,300
22022116,OVVI CM CP IPHONE 15PRO SILIC MGSAFE PT,C,3,6.0,C-3-6,301
22022118,OVVI CM CP IPHONE 15 SILIC MGSAFE AM,C,3,6.0,C-3-6,302
22022119,OVVI CM CP IPHONE 15 SILIC MGSAFE CR,C,3,6.0,C-3-6,303
22022120,OVVI CM CP IPHONE 15 SILIC MGSAFE LL,C,3,6.0,C-3-6,304
22022121,OVVI CM CP IPHONE 15 SILIC MGSAFE PT,C,3,6.0,C-3-6,305
22022122,OVVI CM CP IPHONE 15 SILIC MGSAFE VM,C,3,7.0,C-3-7,306
22022125,OVVI CM CP IPHONE 15PLUS ANTIBAC BR,C,3,7.0,C-3-7,307
22022126,OVVI CM CP IPHONE 15 ANTIBAC PT,C,3,7.0,C-3-7,308
22022205,OVVI CM CP IPHONE 15 TECIDO MAGSAFE PT,C,3,7.0,C-3-7,309
22021257,OVVI CM CP SILICONE IPHONE 14 PROMAX RS,C,4,1.0,C-4-1,310
22021258,OVVI CM CP SILICONE IPHONE 14 PRO MAX RX,C,4,1.0,C-4-1,311
22021259,OVVI CM CP SILICONE IPHONE 14 PRO AZ,C,4,1.0,C-4-1,312
22021260,OVVI CM CP SILICONE IPHONE 14 PRO RS,C,4,1.0,C-4-1,313
22021261,OVVI CM CP SILICONE IPHONE 14 PRO RX,C,4,1.0,C-4-1,314
22021263,OVVI CM CP SILICONE IPHONE 14 LJ,C,4,2.0,C-4-2,315
22021266,OVVI CM CP SILICONE IPHONE 14 VDC,C,4,2.0,C-4-2,316
22021275,OVVI CM CP ANTIBAC IPHONE14PROMAX DGD AZ,C,4,2.0,C-4-2,317
22021285,OVVI CM CP SILICONE GALAXY A53 PT,C,4,2.0,C-4-2,318
22021286,OVVI CM CP SILICONE GALAXY S21 FE PT,C,4,3.0,C-4-3,319
22021289,OVVI CM CP SILICONE GALAXY S22ULTRA PT,C,4,3.0,C-4-3,320
22021290,OVVI CM CP SILICONE GALAXY S22 + PT,C,4,3.0,C-4-3,321
22021291,OVVI CM CP SILICONE IPHONE 14 PRO AZC,C,4,3.0,C-4-3,322
22021292,OVVI CM CP SILICONE IPHONE 14 PRO LL,C,4,4.0,C-4-4,323
22021299,OVVI CM CP SILICONE IPHONE 14 PRO VD,C,4,4.0,C-4-4,324
22021300,OVVI CM CP SILICONE IPHONE 14 PRO VM,C,4,4.0,C-4-4,325
22021305,OVVI CM CP SILICONE IPHONE 14 VM,C,4,5.0,C-4-5,326
22021328,OVVI CM CP IPHONE 13 DUO COPA ARTE AM,C,4,5.0,C-4-5,327
22021331,OVVI CM CP GALAXY S23+ ANTIBAC PT,C,4,5.0,C-4-5,328
22021337,OVVI CM CP IPHONE 13 DUO COPA AM,C,4,5.0,C-4-5,329
22021340,OVVI CM CP IPHONE 13 DUO COPA AZ,C,4,5.0,C-4-5,330
22021343,OVVI CM CP IPHONE 13 DUO COPA VD,C,4,5.0,C-4-5,331
22021359,OVVI CM CP IPHONE 13 DUO COPA ARTE AZ,C,4,6.0,C-4-6,332
22021421,OVVI CM CP GALAXY S23+ SILICONE AZM,C,4,6.0,C-4-6,333
22021422,OVVI CM CP GALAXY S23+ SILICONE PT,C,4,6.0,C-4-6,334
22021423,OVVI CM CP GALAXY S23+ SILICONE VD,C,4,6.0,C-4-6,335
22021424,OVVI CM CP GALAXY S23 ANTIBAC BR,C,4,6.0,C-4-6,336
22021425,OVVI CM CP GALAXY S23 ANTIBAC PT,C,4,6.0,C-4-6,337
22021436,OVVI CM CP GALAXY S23 SILICONE AZC,C,4,6.0,C-4-6,338
22021437,OVVI CM GALAXY S23 SILICONE AZM,C,4,7.0,C-4-7,339
22021438,OVVI CM CP GALAXY S23 SILICONE PT,C,4,7.0,C-4-7,340
22021440,OVVI CM CP GALAXY S23 SILICONE VD,C,4,7.0,C-4-7,341
22021441,OVVI CM CP GALAXY S23 ULTRA ANTIBAC PT,C,4,7.0,C-4-7,342
22021442,OVVI CM CP GALAXY S23 ULTRA ANTIBAC BR,C,4,7.0,C-4-7,343
22021456,OVVI CM CP IPHONE 13 ALÇA PERSO PT,C,4,7.0,C-4-7,344
22021461,OVVI CM CP IPHONE 14 PLUS ALÇA PERSO PT,C,4,7.0,C-4-7,345
22021129,OVVI CM CP SILICONE GALAXY S22 AZM,C,5,1.0,C-5-1,346
22021130,OVVI CM CP SILICONE GALAXY S22 PT,C,5,1.0,C-5-1,347
22021151,OVVI CM CP SILICONE IPHONE 13 RX,C,5,1.0,C-5-1,348
22021152,OVVI CM CP SILICONE IPHONE 13 VDC,C,5,1.0,C-5-1,349
22021153,OVVI CM CP SILICONE IPHONE 14 PLUS AZ,C,5,1.0,C-5-1,350
22021154,OVVI CM CP SILICONE IPHONE 14 PLUS RS,C,5,1.0,C-5-1,351
22021155,OVVI CM CP SILICONE IPHONE 14 PLUS LL,C,5,2.0,C-5-2,352
22021156,OVVI CM CP SILICONE IPHONE 14 PLUS AZM,C,5,2.0,C-5-2,353
22021157,OVVI CM CP SILICONE IPHONE 14 PLUS PT,C,5,2.0,C-5-2,354
22021158,OVVI CM CP SILICONE IPHONE 14 PLUS RSC,C,5,3.0,C-5-3,355
22021159,OVVI CM CP SILICONE IPHONE 14 PLUS VD,C,5,3.0,C-5-3,356
22021160,OVVI CM CP SILICONE IPHONE 14 PLUS VM,C,5,4.0,C-5-4,357
22021161,OVVI CM CP SILICONE IPHONE 14 PROMAX AZC,C,5,4.0,C-5-4,358
22021162,OVVI CM CP SILICONE IPHONE 14 PRO MAX LL,C,5,4.0,C-5-4,359
22021163,OVVI CM CP SILICONE IPHONE 14 PROMAX AZM,C,5,5.0,C-5-5,360
22021165,OVVI CM CP SILICONE IPHONE 14 PROMAX RSC,C,5,5.0,C-5-5,361
22021166,OVVI CM CP SILICONE IPHONE 14 PRO MAX VD,C,5,5.0,C-5-5,362
22021167,OVVI CM CP SILICONE IPHONE 14 PRO MAX VM,C,5,6.0,C-5-6,363
22021170,OVVI CM CP SILICONE IPHONE 14 PRO AZM,C,5,6.0,C-5-6,364
22021172,OVVI CM CP SILICONE IPHONE 14 PRO RSC,C,5,6.0,C-5-6,365
22021245,OVVI CM CP SILICONE IPHONE 13 AZ,C,5,7.0,C-5-7,366
22021246,OVVI CM CP SILICONE IPHONE 13 LJ,C,5,7.0,C-5-7,367
22021255,OVVI CM CP SILICONE IPHONE 14 PLUS RX,C,5,7.0,C-5-7,368
22021256,OVVI CM CP SILICONE IPHONE 14 PRO MAX AZ,C,5,7.0,C-5-7,369
22020764,OVVI CM CP SILICONE IPHONE 14 PLUS AZC,C,6,1.0,C-6-1,370
22021021,OVVI CM CP ANTIBAC IPHONE 13 DGD AZ,C,6,1.0,C-6-1,371
22021025,OVVI CM CP ANTIBAC IPHONE 13 DGD RS,C,6,1.0,C-6-1,372
22021041,OVVI CM CP ANTIBAC IPHONE 14 BR,C,6,2.0,C-6-2,373
22021042,OVVI CM CP ANTIBAC IPHONE 14 DGD AZ,C,6,2.0,C-6-2,374
22021043,OVVI CM CP ANTIBAC IPHONE 14 DGD RS,C,6,2.0,C-6-2,375
22021047,OVVI CM CP ANTIBAC IPHONE 14 PLUS DGD AZ,C,6,2.0,C-6-2,376
22021048,OVVI CM CP ANTIBAC IPHONE 14 PLUS DGD RS,C,6,2.0,C-6-2,377
22021049,OVVI CM CP ANTIBAC IPHONE 14 PLUS LL,C,6,3.0,C-6-3,378
22021050,OVVI CM CP ANTIBAC IPHONE 14 PLUS PT,C,6,3.0,C-6-3,379
22021052,OVVI CM CP ANTIBAC IPHONE 14 PRO DGD AZ,C,6,3.0,C-6-3,380
22021053,OVVI CM CP ANTIBAC IPHONE 14 PRO DGD RS,C,6,4.0,C-6-4,381
22021057,OVVI CM CP ANTIBAC IPHONE14PROMAX DGD AZ,C,6,4.0,C-6-4,382
22021058,OVVI CM CP ANTIBAC IPHONE14PROMAX DGD RS,C,6,4.0,C-6-4,383
22021059,OVVI CM CP ANTIBAC IPHONE 14 PRO MAX LL,C,6,4.0,C-6-4,384
22021063,OVVI CM CP ANTIBAC GALAXY A73 PT,C,6,4.0,C-6-4,385
22021065,OVVI CM CP ANTIBAC GALAXY S22 PT,C,6,5.0,C-6-5,386
22021066,OVVI CM CP ANTIBAC GALAXY S22 ULTRA PT,C,6,5.0,C-6-5,387
22021067,OVVI CM CP ANTIBAC GALAXY S22+ PT,C,6,5.0,C-6-5,388
22021076,APPLE ,C,6,5.0,C-6-5,389
22021077,OVVI CM CP MAGSAFE IPHONE 14 PLUS TPT,C,6,5.0,C-6-5,390
22021093,OVVI CM CP SILICONE GALAXY A73 PT,C,6,6.0,C-6-6,391
22021107,OVVI CM CP SILICONE IPHONE 13 VM,C,6,6.0,C-6-6,392
22021109,OVVI CM CP SILICONE GALAXY S22ULTRA PT,C,6,6.0,C-6-6,393
22021118,OVVI CM CP ANTIBAC IPHONE 14 DGD AZ,C,6,6.0,C-6-6,394
22021119,OVVI CM CP ANTIBAC IPHONE 14 PT,C,6,6.0,C-6-6,395
22021120,OVVI CM CP ANTIBAC IPHONE 14 MAX BR,C,6,6.0,C-6-6,396
22021121,OVVI CM CP ANTIBAC IPHONE 14 MAX DGD AZ,C,6,7.0,C-6-7,397
22021123,OVVI CM CP ANTIBAC IPHONE 14 PRO DGD AZ,C,6,7.0,C-6-7,398
22021126,OVVI CM CP SILICONE GALAXY S21 FE AZM,C,6,7.0,C-6-7,399
22021127,OVVI CM CP SILICONE GALAXY S21 FE PT,C,6,7.0,C-6-7,400
22021128,OVVI CM CP SILICONE GALAXY S21 FE VD,C,6,7.0,C-6-7,401
22019701,CUSTOMIC CP IMPAC CLEAR CRYSTAL GLX A51,D,1,1.0,D-1-1,402
22019702,CUSTOMIC CP IMPAC CLEAR CRYSTAL GLX A71,D,1,1.0,D-1-1,403
22019755,CUSTOMIC CAPA SEED IPHONE 11 BR,D,1,1.0,D-1-1,404
22019757,CUSTOMIC CP IMPA CLEAR CRYSTAL IPHONE 12,D,1,2.0,D-1-2,405
22019758,CUSTOMIC CP IMPA FLEX ANTIB IPHONE 12 M,D,1,2.0,D-1-2,406
22019759,CUSTOMIC CP IMP CLEAR CRYSTAL IPHONE 12M,D,1,2.0,D-1-2,407
22019760,CUSTOMIC CP SEED ANTIBAC IPHONE 12 M BR,D,1,3.0,D-1-3,408
22019763,CUSTOMIC CP IMPA FLEX ANTIB IPHONE 12 PM,D,1,3.0,D-1-3,409
22019764,CUSTOMIC CP IMP CLEAR CRYSTA IPHONE 12PM,D,1,3.0,D-1-3,410
22019765,CUSTOMIC CP SEED ANTIBA IPHONE 12 PM BR,D,1,4.0,D-1-4,411
22019767,CUSTOMIC CP SEED ANTIBAC IPHONE 12/12 P,D,1,4.0,D-1-4,412
22019776,CUSTOMIC CP SEED ANTIBAC GALAXY S20 BR,D,1,4.0,D-1-4,413
22019865,CUSTOMIC CAPA SOFT TOUCH GLX S20 FE PT,D,1,5.0,D-1-5,414
22019928,CUSTOMIC CAPA SOFT TOUCH LG K52 PT,D,1,5.0,D-1-5,415
22019929,CUSTOMIC CAPA SOFT TOUCH LG K62 K62+ PT,D,1,5.0,D-1-5,416
22019930,CUSTOMIC CAPA SOFT TOUCH GALAXY A02S PT,D,1,6.0,D-1-6,417
22019932,CUSTOMIC CP SOFT TOUCH GALAXY A32 5G PT,D,1,6.0,D-1-6,418
22019933,CUSTOMIC CP IMPAC FLEX ANTIBA GALAXY S21,D,1,6.0,D-1-6,419
22019934,CUSTOMIC CP IMPAC FLEX ANTIBA S21 ULTRA,D,1,6.0,D-1-6,420
22019955,CUSTOMIC CP IMPAC FLEX ANTIBA S21+,D,1,7.0,D-1-7,421
22020008,CUSTOMIC CP SOFT TOUCH GALAXY A32 4G PT,D,1,7.0,D-1-7,422
22020011,CUSTOMIC CP SOFT TOUCH GALAXY A72 4G PT,D,1,7.0,D-1-7,423
22019470,CUSTOMIC CAPA SOFT TOUCH LG K51S PT,D,2,1.0,D-2-1,424
22019471,CUSTOMIC CAPA SOFT TOUCH LG K61 PT,D,2,1.0,D-2-1,425
22019486,CUSTOMIC CAPA SOFT TOUCH GALAXY A21S AZ,D,2,1.0,D-2-1,426
22019487,CUSTOMIC CAPA SOFT TOUCH GALAXY A21S RS,D,2,2.0,D-2-2,427
22019488,CUSTOMIC CAPA SOFT TOUCH GALAXY A31 AZ,D,2,2.0,D-2-2,428
22019489,CUSTOMIC CAPA SOFT TOUCH GALAXY A31 RS,D,2,2.0,D-2-2,429
22019490,CUSTOMIC CAPA SOFT TOUCH LG K41S AZ,D,2,3.0,D-2-3,430
22019587,CUSTOMIC CP IMP CLEAR CRYSTAL IPHONE 11,D,2,3.0,D-2-3,431
22019589,CUSTOMIC CP IMP CLEAR CRYSTAL LG K41S,D,2,3.0,D-2-3,432
22019651,CUSTOMIC CP IMPA FLEX ANTIBAC NOTE 20,D,2,4.0,D-2-4,433
22019652,CUSTOMIC CP IMPA FLEX ANTIBAC NOTE 20 UT,D,2,4.0,D-2-4,434
22019653,CUSTOMIC CP IMPACTOR FLEX ANTIBAC S20,D,2,4.0,D-2-4,435
22019654,CUSTOMIC CP IMPACTOR FLEX ANTIBAC S20 UT,D,2,5.0,D-2-5,436
22019655,CUSTOMIC CP IMPACTOR FLEX ANTIBAC S20+,D,2,5.0,D-2-5,437
22019656,CUSTOMIC CP IMPA FLEX ANTIBAC IPHONE 11,D,2,5.0,D-2-5,438
22019679,CUSTOMIC CP IMP CLEAR CRYSTAL LG K51S,D,2,5.0,D-2-5,439
22019681,CUSTOMIC CP IMP CLEAR CRYSTAL LG K61,D,2,6.0,D-2-6,440
22019695,CUSTOMIC CP IMP CLEAR CRYSTAL G8 PW LITE,D,2,6.0,D-2-6,441
22019696,CUSTOMIC CP IMP CLEAR CRYSTAL ONE FUSION,D,2,6.0,D-2-6,442
22019698,CUSTOMIC CP IMPAC CLEAR CRYSTAL GLX A11,D,2,7.0,D-2-7,443
22019699,CUSTOMIC CP IMPAC CLEAR CRYSTAL GLX A21S,D,2,7.0,D-2-7,444
22019700,CUSTOMIC CP IMPAC CLEAR CRYSTAL GLX A31,D,2,7.0,D-2-7,445
22019245,CUSTOMIC CAPA SEED IPHONE 11 PRO PTL,D,3,1.0,D-3-1,446
22019246,CUSTOMIC CAPA SEED IPHONE 11 PRO MAX PTL,D,3,1.0,D-3-1,447
22019247,CUSTOMIC CAPA SEED IPHONE 11 PTL,D,3,1.0,D-3-1,448
22019248,CUSTOMIC CAPA SOFT TOUCH GALAXY A70 PT,D,3,1.0,D-3-1,449
22019249,CUSTOMIC CAPA SOFT TOUCH GALAXY A30S PT,D,3,2.0,D-3-2,450
22019250,CUSTOMIC CAPA SOFT TOUCH GALAXY A20S AZ,D,3,2.0,D-3-2,451
22019252,CUSTOMIC CAPA SOFT TOUCH GALAXY A20S RS,D,3,2.0,D-3-2,452
22019253,CUSTOMIC CAPA SOFT TOUCH GALAXY A30S RS,D,3,2.0,D-3-2,453
22019255,CUSTOMIC CAPA SOFT TOUCH GALAXY A20S PT,D,3,2.0,D-3-2,454
22019256,CUSTOMIC CAPA SOFT TOUCH MOTO E6 PLUS PT,D,3,2.0,D-3-2,455
22019257,CUSTOMIC CAPA SOFT TOUCH MOTO G8 PLAY PT,D,3,3.0,D-3-3,456
22019259,CUSTOMIC CAPA SOFT TOUCH MOTO G8 PLUS PT,D,3,3.0,D-3-3,457
22019260,CUSTOMIC CAPA SOFT TOUCH LG K40S PT,D,3,3.0,D-3-3,458
22019261,CUSTOMIC CAPA SOFT MOTO ONE ACTION PT,D,3,4.0,D-3-4,459
22019262,CUSTOMIC CAPA SOFT TCH MOTO ONE MACRO PT,D,3,4.0,D-3-4,460
22019263,CUSTOMIC CAPA SOFT MOTO ONE VISION PT,D,3,4.0,D-3-4,461
22019355,CUSTOMIC CAPA SOFT TOUCH GALAXY A51 PT,D,3,4.0,D-3-4,462
22019365,CUSTOMIC CAPA SOFT TOUCH GALAXY A71 PT,D,3,5.0,D-3-5,463
22019386,CUSTOMIC CAPA SOFT TOUCH IPHONE 11 PT,D,3,5.0,D-3-5,464
22019387,CUSTOMIC CAP SOFT TOUCH IPHONE 11 PROMAX,D,3,5.0,D-3-5,465
22019388,CUSTOMIC CAPA SOFT TOUCH IPHONE 11PRO PT,D,3,5.0,D-3-5,466
22019461,CUSTOMIC CAPA SOFT TOUCH IPHONE SE BR,D,3,6.0,D-3-6,467
22019465,CUSTOMIC CAPA SOFT TOUCH GALAXY A01 PT,D,3,6.0,D-3-6,468
22019466,CUSTOMIC CAPA SOFT TOUCH GALAXY A11 PT,D,3,6.0,D-3-6,469
22019467,CUSTOMIC CAPA SOFT TOUCH GALAXY A21S PT,D,3,7.0,D-3-7,470
22019468,CUSTOMIC CAPA SOFT TOUCH GALAXY A31 PT,D,3,7.0,D-3-7,471
22019469,CUSTOMIC CAPA SOFT TOUCH LG K41S PT,D,3,7.0,D-3-7,472
22023267,OVVI CM CP GALAXY S25+ SILIC AZ,D,4,1.0,D-4-1,473
22023268,OVVI CM CP GALAXY S25+ SILIC CZ,D,4,1.0,D-4-1,474
22023269,OVVI CM CP GALAXY S25 ANTIBAC BR,D,4,1.0,D-4-1,475
22023270,OVVI CM CP GALAXY S25 ULTRA ANTIBAC BR,D,4,2.0,D-4-2,476
22023271,OVVI CM CP GALAXY S25+ ANTIBAC BR,D,4,2.0,D-4-2,477
22023325,OVVI CP IPHONE 16 PMAX HOLO MAGSAFE,D,4,2.0,D-4-2,478
22023341,OVVI CP IPHONE 16 CRISTAL MAGSAFE,D,4,2.0,D-4-2,479
22023343,OVVI CP IPHONE 16 PRO CRISTAL MAGSAFE,D,4,2.0,D-4-2,480
22023344,OVVI CP IPHONE 16 PMAX CRISTAL MAGSAFE,D,4,3.0,D-4-3,481
22023345,APPLE ,D,4,3.0,D-4-3,482
22023347,APPLE ,D,4,3.0,D-4-3,483
22023348,APPLE ,D,4,3.0,D-4-3,484
22023349,OVVI CP GALAXY S25 DUPLA MAGN PT,D,4,4.0,D-4-4,485
22023350,OVVI CP GALAXY S25 ULTRA DUPLA MAGN PT,D,4,4.0,D-4-4,486
22023351,OVVI CP GALAXY S25+ DUPLA MAGN PT,D,4,4.0,D-4-4,487
22023352,APPLE ,D,4,4.0,D-4-4,488
22023354,APPLE ,D,4,5.0,D-4-5,489
22023355,APPLE ,D,4,5.0,D-4-5,490
22023356,OVVI CP GALAXY S25 DUPLA MAGN AZ,D,4,5.0,D-4-5,491
22023357,OVVI CP GALAXY S25 ULTRA DUPLA MAGN AZ,D,4,5.0,D-4-5,492
22023358,OVVI CP GALAXY S25+ DUPLA MAGN AZ,D,4,6.0,D-4-6,493
22023360,OVVI CP GALAXY S25 SILIC MAGN PT,D,4,6.0,D-4-6,494
22023362,OVVI CP GALAXY S25+ SILIC MAGN PT,D,4,6.0,D-4-6,495
22023364,APPLE ,D,4,6.0,D-4-6,496
22023365,OVVI CP GALAXY S25 ULTRA HOLO MAGN,D,4,7.0,D-4-7,497
22023366,OVVI CP GALAXY S25+ HOLO MAGN,D,4,7.0,D-4-7,498
22023555,OVVI CP IPHONE 16E CLEAR MAGSAFE,D,4,7.0,D-4-7,499
22023556,OVVI CP IPHONE 16E SILICONE MAGSAFE PT,D,4,7.0,D-4-7,500
22023189,OVVI CM CP IPHONE 16PRO SILIC MGSAFE AZ,D,5,1.0,D-5-1,501
22023190,OVVI CM CP IPHONE 16PRO SILIC MGSAFE CZ,D,5,1.0,D-5-1,502
22023192,OVVI CM CP IPHONE 16PRO SILIC MGSAFE PT,D,5,1.0,D-5-1,503
22023194,OVVI CM CP IPHONE 16PRO SILIC MGSAFE RS,D,5,2.0,D-5-2,504
22023195,OVVI CM CP IPHONE 16PRO SILIC MGSAFE VD,D,5,2.0,D-5-2,505
22023196,OVVI CM CP IPHONE 16PRO SILIC MGSAFE VDC,D,5,2.0,D-5-2,506
22023197,OVVI CM CP IPHONE 16PRO TECIDO MGSAFE PT,D,5,2.0,D-5-2,507
22023198,OVVI CM CP IPHONE 16 SILIC MGSAFE AZ,D,5,3.0,D-5-3,508
22023199,OVVI CM CP IPHONE 16 SILIC MGSAFE CZ,D,5,3.0,D-5-3,509
22023200,OVVI CM CP IPHONE 16 SILIC MGSAFE PT,D,5,3.0,D-5-3,510
22023201,OVVI CM CP IPHONE 16 SILIC MGSAFE RS,D,5,4.0,D-5-4,511
22023202,OVVI CM CP IPHONE 16 SILIC MGSAFE VD,D,5,4.0,D-5-4,512
22023203,OVVI CM CP IPHONE 16 SILIC MGSAFE VDC,D,5,4.0,D-5-4,513
22023204,OVVI CM CP IPHONE 16 TECIDO MGSAFE PT,D,5,5.0,D-5-5,514
22023219,OVVI CM CP GALAXY S25 SILIC AZ,D,5,5.0,D-5-5,515
22023220,OVVI CM CP GALAXY S25 SILIC CZ,D,5,5.0,D-5-5,516
22023221,OVVI CM CP GALAXY S25 SILIC PT,D,5,6.0,D-5-6,517
22023222,OVVI CM CP GALAXY S25 ULTRA SILIC CZ,D,5,6.0,D-5-6,518
22023223,OVVI CM CP GALAXY S25 ULTRA SILIC PT,D,5,6.0,D-5-6,519
22023224,OVVI CM CP GALAXY S25 ULTRA SILIC RX,D,5,7.0,D-5-7,520
22023241,OVVI CP IPHONE 16 HOLO MAGSAFE,D,5,7.0,D-5-7,521
22023244,OVVI CP IPHONE 16 PRO HOLO MAGSAFE,D,5,7.0,D-5-7,522
22023266,OVVI CM CP GALAXY S25+ SILIC PT,D,5,7.0,D-5-7,523
22022868,OVVI CM CP IPHONE 16PRO SILIC MGSAFE VDC,D,6,1.0,D-6-1,524
22022870,OVVI CM CP IPHONE 16 SILIC MGSAFE AZ,D,6,1.0,D-6-1,525
22022873,OVVI CM CP IPHONE 16 SILIC MGSAFE RS,D,6,1.0,D-6-1,526
22022874,OVVI CM CP IPHONE 16 SILIC MGSAFE VD,D,6,1.0,D-6-1,527
22022875,OVVI CM CP IPHONE 16 SILIC MGSAFE VDC,D,6,1.0,D-6-1,528
22022871,OVVI CM CP IPHONE 16 SILIC MGSAFE CZ,D,6,1.0,D-6-1,529
22022896,OVVI CP IPHONE 15PMAX SILIC MGSAFE PT,D,6,1.0,D-6-1,530
22022886,OVVI CP IPHONE 14 MGSAFE 2.0 TPT,D,6,2.0,D-6-2,531
22022892,OVVI CP IPHONE 15PRO SILIC MGSAFE PT,D,6,2.0,D-6-2,532
22022896,OVVI CP IPHONE 15PMAX SILIC MGSAFE PT,D,6,2.0,D-6-2,533
22022911,OVVI CP GALAXY S23 FE SILIC MGSAFE VD,D,6,3.0,D-6-3,534
22022912,OVVI CP GALAXY S23 FE CLEAR MGSAFE,D,6,3.0,D-6-3,535
22022917,OVVI CP GALAXY S24 ULTRA SILIC PT,D,6,3.0,D-6-3,536
22022969,OVVI CM CP IPHONE 16 SILIC MGSAFE RX,D,6,3.0,D-6-3,537
22023165,OVVI CM CP IPHONE 16 ANTIBAC BR,D,6,3.0,D-6-3,538
22023166,OVVI CM CP IPHONE 16 CLEAR MGSAFE,D,6,4.0,D-6-4,539
22023167,APPLE ,D,6,4.0,D-6-4,540
22023169,OVVI CM CP IPHONE 16PMAX CLEAR MGSAFE,D,6,4.0,D-6-4,541
22023170,OVVI CM CP IPHONE 16PMAX SILIC MGSAFE AZ,D,6,4.0,D-6-4,542
22023168,OVVI CM CP IPHONE 16PMAX ANTIBAC BR,D,6,4.0,D-6-4,543
22023171,OVVI CM CP IPHONE 16PMAX SILIC MGSAFE CZ,D,6,5.0,D-6-5,544
22023172,OVVI CM CP IPHONE 16PMAX SILIC MGSAFE PT,D,6,5.0,D-6-5,545
22023173,OVVI CM CP IPHONE 16PMAX SILIC MGSAFE RS,D,6,5.0,D-6-5,546
22023176,OVVI CM CP IPHONE 16PLUS CLEAR MGSAFE,D,6,6.0,D-6-6,547
22023177,OVVI CM CP IPHONE 16PLUS SILIC MGSAFE AZ,D,6,6.0,D-6-6,548
22023178,OVVI CM CP IPHONE 16PLUS SILIC MGSAFE CZ,D,6,6.0,D-6-6,549
22023179,OVVI CM CP IPHONE 16PLUS SILIC MGSAFE PT,D,6,7.0,D-6-7,550
22023185,OVVI CM CP IPHONE 16PMAX SILIC MGSAFE VD,D,6,7.0,D-6-7,551
22023186,OVVI CM CP IPHONE 16PMX SILIC MGSAFE VDC,D,6,7.0,D-6-7,552
VAZIO,VAZIO,E,1,1.0,E-1-1,553
VAZIO,VAZIO,E,1,2.0,E-1-2,554
VAZIO,VAZIO,E,1,3.0,E-1-3,555
VAZIO,VAZIO,E,1,4.0,E-1-4,556
VAZIO,VAZIO,E,1,5.0,E-1-5,557
VAZIO,VAZIO,E,1,6.0,E-1-6,558
VAZIO,VAZIO,E,1,7.0,E-1-7,559
VAZIO,VAZIO,E,2,1.0,E-2-1,560
VAZIO,VAZIO,E,2,2.0,E-2-2,561
VAZIO,VAZIO,E,2,3.0,E-2-3,562
VAZIO,VAZIO,E,2,4.0,E-2-4,563
VAZIO,VAZIO,E,2,5.0,E-2-5,564
VAZIO,VAZIO,E,2,6.0,E-2-6,565
VAZIO,VAZIO,E,2,7.0,E-2-7,566
VAZIO,VAZIO,E,3,1.0,E-3-1,567
VAZIO,VAZIO,E,3,2.0,E-3-2,568
22023720,OVVI CM CP APPLE AIRTAG SILICONE CZ,E,3,3.0,E-3-3,569
VAZIO,VAZIO,E,3,4.0,E-3-4,570
22023721,OVVI CM CP APPLE AIRPODS 4 SILICONE AZ,E,3,5.0,E-3-5,571
22023715,OVVI CM CP SSG BUDS3/BUDS3 PRO SILIC PT,E,3,5.0,E-3-5,572
22023716,OVVI CM CP SSG BUDS3/BUDS3 PRO SILIC AZ,E,3,5.0,E-3-5,573
22023717,OVVI CM CP SSG BUDS3/BUDS3 PRO SILIC VD,E,3,5.0,E-3-5,574
VAZIO,VAZIO,E,3,6.0,E-3-6,575
22023772,APPLE ,E,3,7.0,E-3-7,576
22023563,CM CAPA GALAXY S25 EDGE IMPACTOR CLEAR,E,4,1.0,E-4-1,577
22023557,CM CP IPHONE 16E IMPACTOR CLEAR,E,4,1.0,E-4-1,578
22023564,CM CAPA GALAXY S25 EDGE SOFT 1.5 PT,E,4,2.0,E-4-2,579
22023618,CM CP MOTO EDGE 60 FUSION IMPACTOR CLEAR,E,4,3.0,E-4-3,580
22023617,CM CP MOTO EDGE 60 FUSION SOFT 1.5 PT,E,4,3.0,E-4-3,581
22023625,CM CAPA GALAXY A26 5G IMPACTOR CLEAR,E,4,4.0,E-4-4,582
22023626,CM CAPA GALAXY A36 5G IMPACTOR CLEAR,E,4,4.0,E-4-4,583
22023627,CM CAPA GALAXY A56 5G IMPACTOR CLEAR,E,4,5.0,E-4-5,584
22023697,OVVI CM CARTEIRA TECIDO CLASS. MGSAFE PT,E,4,5.0,E-4-5,585
22023701,CM CAPA MOTO EDGE 60 PRO SOFT 1.5 PT,E,4,5.0,E-4-5,586
22023702,CM CAPA MOTO EDGE 60 PRO IMPACTOR CLEAR,E,4,5.0,E-4-5,587
22023718,OVVI CM CP APPLE AIRPODS 4 SILICONE PT,E,4,5.0,E-4-5,588
22023719,OVVI CM CP APPLE AIRPODS 4 SILICONE VD,E,4,5.0,E-4-5,589
22023698,OVVI CM CARTEIRA TECIDO CLASS. MGSAFE AZ,E,4,6.0,E-4-6,590
22022599,CUSTOMIC CAPA SSG A25 5G SOFT TOUCH PT,E,5,1.0,E-5-1,591
22022600,CUSTOMIC CAPA SSG A35 5G IMPACTOR TPT,E,5,1.0,E-5-1,592
22022601,CUSTOMIC CAPA SSG A35 5G SOFT TOUCH PT,E,5,1.0,E-5-1,593
22022602,CUSTOMIC CAPA SSG A55 5G IMPACTOR TPT,E,5,2.0,E-5-2,594
22022603,CUSTOMIC CAPA SSG A55 5G SOFT TOUCH PT,E,5,2.0,E-5-2,595
22023272,CM CP MOTOROLA G75 5G SOFT TOUCH PT,E,5,2.0,E-5-2,596
22023275,CM CP GALAXY A06 IMPACTOR CLEAR,E,5,3.0,E-5-3,597
22023276,CM CP GALAXY A06 SOFT TOUCH PT,E,5,3.0,E-5-3,598
22023277,CM CP GALAXY A16 5G IMPACTOR CLEAR,E,5,4.0,E-5-4,599
22023278,CM CP GALAXY A16 5G SOFT TOUCH PT,E,5,4.0,E-5-4,600
22023279,CM CP MOTOROLA G35 5G SOFT TOUCH PT,E,5,5.0,E-5-5,601
22023280,CM CP MOTOROLA G55 5G SOFT TOUCH PT,E,5,5.0,E-5-5,602
22023316,CM CP MOTOROLA G15 SOFT SERIES 1.5 PT,E,5,6.0,E-5-6,603
22023317,CM CP GALAXY A26 5G SOFT SERIES 1.5 PT,E,5,6.0,E-5-6,604
22023318,CM CP GALAXY A36 5G SOFT SERIES 1.5 PT,E,5,7.0,E-5-7,605
22023319,CM CP GALAXY A56 5G SOFT SERIES 1.5 PT,E,5,7.0,E-5-7,606
22023320,CM CP GALAXY A16 5G SOFT SERIES 1.5 PT,E,5,7.0,E-5-7,607
22020093,CUSTOMIC CP SAMSUNG GALAXY A02 SFT TC PT,E,6,1.0,E-6-1,608
22020206,CUSTOMIC CAPA SAMSUNG A03S IMP CLEAR TPT,E,6,1.0,E-6-1,609
22020207,CUSTOMIC CP SAMSUNG A22 4G IMP CLEAR TPT,E,6,1.0,E-6-1,610
22020287,CUSTOMIC CP IPHONE 13 PRO ANTIBAC,E,6,2.0,E-6-2,611
22020288,CUSTOMIC CP IPHONE 13 PRO MAX ANTIBAC,E,6,2.0,E-6-2,612
22020377,CUSTOMIC CP SSG GALAXY S21 FE IMP CLEAR,E,6,2.0,E-6-2,613
22020426,CUSTOMIC CAPA IMPACTOR CLEAR IPHONE 12,E,6,2.0,E-6-2,614
22020428,CUSTOMIC CP IPHONE 13 PRO ANTIBAC,E,6,2.0,E-6-2,615
22020429,CUSTOMIC CP IPHONE 13 PRO MAX ANTIBAC,E,6,2.0,E-6-2,616
22020471,CUSTOMIC CP GALAXY A33 IMPACT CLEAR TPT,E,6,3.0,E-6-3,617
22020472,CUSTOMIC CP GALAXY A53 IMPACT CLEAR TPT,E,6,3.0,E-6-3,618
22020474,CUSTOMIC CP GALAXY S22 IMPACT ANTIBAC PT,E,6,3.0,E-6-3,619
22020477,CUSTOMIC CP SSG GLXY S21 FE IMP CLEAR N,E,6,3.0,E-6-3,620
22020485,CUSTOMIC CP GALAXY S22U IMPAC ANTIBAC PT,E,6,3.0,E-6-3,621
22020486,CUSTOMIC CP GALAXY S22+ IMPAC ANTIBAC PT,E,6,4.0,E-6-4,622
22020500,CUSTOMIC CAPA GALAXY A12 SOFT TOUCH PT,E,6,4.0,E-6-4,623
22020505,CAPA IPHONE 13PRO IMP CL MAGSAFE TPT,E,6,4.0,E-6-4,624
22020506,CP IPHONE 13PRO MAX IMPAC CL MAGSAF TPT,E,6,4.0,E-6-4,625
22020545,CUSTOMIC CAPA IMPACTOR CLEAR IPHONE 11 N,E,6,5.0,E-6-5,626
22020626,CUSTOMIC CAPA SSG A22 5G IMP CLEAR TPT N,E,6,5.0,E-6-5,627
22020658,CUSTOMIC CAPA SSG A23 4G IMP CLEAR TPT N,E,6,5.0,E-6-5,628
22020659,CUSTOMIC CAPA SSG S20 FE IMP CLEAR TPT N,E,6,6.0,E-6-6,629
22020660,CUSTOMIC CAPA SSG A13 4G IMP CLEAR TPT N,E,6,6.0,E-6-6,630
22020910,CM CAPA SSG A13 4G IMP CLEAR TPT N ES,E,6,6.0,E-6-6,631
22020911,CM CAPA SSG A22 5G IMP CLEAR TPT N ES,E,6,7.0,E-6-7,632
22021566,CUSTOMIC CAPA GALAXY A14 IMPACTOR CLEAR,E,6,7.0,E-6-7,633
22021567,CUSTOMIC CAPA GALAXY A23 5G IMPAC CLEAR,E,6,7.0,E-6-7,634
22021806,CM CAPA GALAXY A34 5G IMPAC CLEAR TPT,E,6,7.0,E-6-7,635
22022598,CUSTOMIC CAPA SSG A15 5G SOFT TOUCH PT,E,6,7.0,E-6-7,636
VAZIO,VAZIO,F,1,1.0,F-1-1,637
VAZIO,VAZIO,F,1,2.0,F-1-2,638
VAZIO,VAZIO,F,1,3.0,F-1-3,639
VAZIO,VAZIO,F,1,4.0,F-1-4,640
VAZIO,VAZIO,F,1,5.0,F-1-5,641
VAZIO,VAZIO,F,2,1.0,F-2-1,642
VAZIO,VAZIO,F,2,2.0,F-2-2,643
VAZIO,VAZIO,F,2,3.0,F-2-3,644
22022631,I2GO CARREG PAREDE PD PROWAL030 BR,F,2,4.0,F-2-4,645
22022631,I2GO CARREG PAREDE PD PROWAL030 BR,F,2,5.0,F-2-5,646
VAZIO,VAZIO,F,3,1.0,F-3-1,647
22019003,APPLE ,F,3,2.0,F-3-2,648
VAZIO,VAZIO,F,3,3.0,F-3-3,649
22022631,I2GO CARREG PAREDE PD PROWAL030 BR,F,3,4.0,F-3-4,650
22022631,I2GO CARREG PAREDE PD PROWAL030 BR,F,3,5.0,F-3-5,651
22022728,I2GO CABO LIGHTNING USBC 2M PROCBL011 CZ,F,4,1.0,F-4-1,652
22022753,OVVI CM CP IPHONE 15 CLEAR MAGSAFE TPT,F,4,2.0,F-4-2,653
22023440,"I2GO FONE USBC METAL BEATS 1,2M PT",F,4,3.0,F-4-3,654
22023437,I2GO FONE SEM FIO TWS AIRSOUND GO 2.0 BR,F,4,4.0,F-4-4,655
22022748,OVVI CM CP IPHONE 15 SILIC MAGSAFE PT,F,4,5.0,F-4-5,656
22022726,I2GO CARREG PAREDE PD USBC PROWAL024 BR,F,5,1.0,F-5-1,657
22022726,I2GO CARREG PAREDE PD USBC PROWAL024 BR,F,5,2.0,F-5-2,658
22022726,I2GO CARREG PAREDE PD USBC PROWAL024 BR,F,5,3.0,F-5-3,659
22022726,I2GO CARREG PAREDE PD USBC PROWAL024 BR,F,5,4.0,F-5-4,660
22022728,I2GO CABO LIGHTNING USBC 2M PROCBL011 CZ,F,5,5.0,F-5-5,661
22022634,"I2GO CABO LIGHTNING 1,5M I2GCBL975 BR PT",F,6,1.0,F-6-1,662
22022634,"I2GO CABO LIGHTNING 1,5M I2GCBL975 BR PT",F,6,2.0,F-6-2,663
22022634,"I2GO CABO LIGHTNING 1,5M I2GCBL975 BR PT",F,6,3.0,F-6-3,664
22022725,I2GO POWER BANK 10000mAh PROBAT017 PT,F,6,4.0,F-6-4,665
22022725,I2GO POWER BANK 10000mAh PROBAT017 PT,F,6,5.0,F-6-5,666
22022633,I2GO CARREG PAREDE PD PROWAL028 BR CZ,F,7,1.0,F-7-1,667
22022753,OVVI CM CP IPHONE 15 CLEAR MAGSAFE TPT,F,7,1.0,F-7-1,668
22022633,I2GO CARREG PAREDE PD PROWAL028 BR CZ,F,7,2.0,F-7-2,669
22022753,OVVI CM CP IPHONE 15 CLEAR MAGSAFE TPT,F,7,2.0,F-7-2,670
22022753,OVVI CM CP IPHONE 15 CLEAR MAGSAFE TPT,F,7,2.0,F-7-2,671
22022633,I2GO CARREG PAREDE PD PROWAL028 BR CZ,F,7,3.0,F-7-3,672
22022737,OVVI CM CP IPHONE 15 ANTIBAC BR,F,7,3.0,F-7-3,673
22022633,I2GO CARREG PAREDE PD PROWAL028 BR CZ,F,7,4.0,F-7-4,674
22022633,I2GO CARREG PAREDE PD PROWAL028 BR CZ,F,7,5.0,F-7-5,675
22022630,I2GO CABO USBC+USBC 2M 100W PROCBL022 PT,F,8,1.0,F-8-1,676
22022737,OVVI CM CP IPHONE 15 ANTIBAC BR,F,8,1.0,F-8-1,677
22022753,OVVI CM CP IPHONE 15 CLEAR MAGSAFE TPT,F,8,1.0,F-8-1,678
22022630,I2GO CABO USBC+USBC 2M 100W PROCBL022 PT,F,8,2.0,F-8-2,679
22022747,OVVI CM CP IPHONE 13 SILIC MAGSAFE PT,F,8,2.0,F-8-2,680
22022630,I2GO CABO USBC+USBC 2M 100W PROCBL022 PT,F,8,3.0,F-8-3,681
22022631,I2GO CARREG PAREDE PD PROWAL030 BR,F,8,4.0,F-8-4,682
22022633,I2GO CARREG PAREDE PD PROWAL028 BR CZ,F,8,5.0,F-8-5,683
22021930,SAMSUNG TAB SM-X710 256GB GF,G,1,1.0,G-1-1,684
22022196,SAMSUNG TAB SM-X510 128GB CZ,G,1,1.0,G-1-1,685
22023096,"SSG GALAXY TAB S10 ULTRA 14,6"" 512GB CZ",G,1,1.0,G-1-1,686
BGSA498A4000,SSG TAB SM-X716B 256GB BG PPB/PI291/14,G,1,2.0,G-1-2,687
22023558,"SSG GALAXY TAB S10 FE 10,9POL 128GB CZ",G,1,2.0,G-1-2,688
22023559,"SSG GALAXY TAB S10 FE+ 13,1POL 128GB CZ",G,1,2.0,G-1-2,689
BGSA507C4000,SSG TAB SM-X616B 128GB CZ PPB/PI291/14,G,1,3.0,G-1-3,690
BGSA50554000,SSG TAB 5G SM-X216B 64GB GF PPB/PI291/14,G,1,3.0,G-1-3,691
22023930,LENOVO TAB POPLAR 4GB 64GB ZAEH0151BR CZ,G,1,4.0,G-1-4,692
22022057,LENOVO TAB M9 4GB 64GB ZAC30198BR PR,G,1,4.0,G-1-4,693
22023532,APPLE IPAD 11 POL WIFI 128GB PR,G,1,5.0,G-1-5,694
22023594,APPLE IPAD AIR 11 POL WIFI 128GB CZ DEMO,G,1,5.0,G-1-5,695
22023595,APPLE IPAD 11 POL WIFI 128GB PR DEMO,G,2,1.0,G-2-1,696
22022072,SAMSUNG TAB SM-X210 64GB GF,G,2,1.0,G-2-1,697
22022375,SAMSUNG SMARTWATCH FIT 3 R390 GF,G,2,2.0,G-2-2,698
22022679,SSG WATCH 7 40MM BT VD,G,2,2.0,G-2-2,699
22023919,APPLE ,G,2,3.0,G-2-3,700
22022681,SSG WATCH 7 44MM BT VD,G,2,3.0,G-2-3,701
TGSA540A4000,SSG WATCH 7 40MM LTE BG PPB/P291/14,G,2,3.0,G-2-3,702
TGSA54144000,SSG WATCH ULTRA 47MM LTE PR PPB/P291/14,G,2,3.0,G-2-3,703
22019835,APPLE WATCH S6 GPS 44MM CZ SPORT PT,G,2,4.0,G-2-4,704
22019836,APPLE WATCH S6 GPS 44MM AZ SPORT AZ,G,2,4.0,G-2-4,705
22020849,APPLE WATCH SERIE 8 GPS 41MM PR,G,2,4.0,G-2-4,706
22023052,APPLE WATCH SE 2ND GPS 40MM BR,G,2,4.0,G-2-4,707
DGAP11413000,APPLE WATCH S6 PULSEIRA SPORT 40MM AZ,G,2,4.0,G-2-4,708
DGAP22163000,APPLE WATCH ULTRA 2 GPS+CELLULAR 49MM PT,G,2,5.0,G-2-5,709
DGAP24863000,APPLE WATCH SERIES10 GPS+CEL 46MM M/G PT,G,2,5.0,G-2-5,710
DGAP18963000,APPLE WATCH SERIE 8 LTE 45MM PT,G,2,5.0,G-2-5,711
DGAP21866000,APPLE WATCH S9 GPS+CELL 45MM P/M PT DEMO,G,2,5.0,G-2-5,712
22018256,HEADPHONE MOTOROLA ESCAPE BT PRETO,G,3,1.0,G-3-1,713
22018785,HEADPHONE MOTOROLA ESCAPE BT PRETO,G,3,1.0,G-3-1,714
22020638,MOTOROLA BUD 085 PT,G,3,1.0,G-3-1,715
22022038,DPC FONE OUVIDO MOTO EARBUDS 3-S USBC PT,G,3,1.0,G-3-1,716
22022173,DPC FONE OUVIDO MOTO BUDS 105 PT,G,3,2.0,G-3-2,717
22022365,DPC FONE OUVIDO MOTO BUDS 65 PT,G,3,2.0,G-3-2,718
22022607,MOTOROLA FONE DE OUVIDO BUDS AZM,G,3,2.0,G-3-2,719
22022635,MOTO FONE OUVIDO BUDS+ SOUND BY BOSE BG,G,3,2.0,G-3-2,720
22022637,MOTO FONE OUVIDO BUDS+ SOUND BY BOSE PT,G,3,3.0,G-3-3,721
22022927,DPC FONE DE OUVIDO MOTO BUDS 105 PT,G,3,3.0,G-3-3,722
22020199,SAMSUNG FONE DE OUVIDO AKG USB-C PT,G,3,3.0,G-3-3,723
22022123,SAMSUNG FONE DE OUVIDO BUDS FE R400N GF,G,3,4.0,G-3-4,724
22022682,SSG FONE OUVIDO BUDS 3 PRO CZ,G,3,4.0,G-3-4,725
22022684,SSG FONE OUVIDO BUDS 3 CZ,G,3,5.0,G-3-5,726
22022058,APPLE AIRPODS PRO2 C/ESTJ MGSAFE USBC BR,G,3,5.0,G-3-5,727
22023045,APPLE AIRPODS 4 BR,G,4,1.0,G-4-1,728
22023045,APPLE AIRPODS 4 BR,G,4,2.0,G-4-2,729
22023046,APPLE AIRPODS 4 COM CANCEL. DE RUIDO BR,G,4,2.0,G-4-2,730
22023240,APPLE FONE DE OUVIDO EARPODS USB-C BR,G,4,3.0,G-4-3,731
22022216,WAP FONE OUVIDO BT WAAW MOB 100EB PT,G,4,3.0,G-4-3,732
22022878,WAP FONE OUVIDO BT WAAW MOB 500 ANC PT,G,4,3.0,G-4-3,733
22022219,WAP CAIXA SOM BT WAAW US 200SB DUO PT,G,4,4.0,G-4-4,734
22023005,WAP FONE OUVIDO BT WAAW SENSE 210 PT,G,4,4.0,G-4-4,735
22018145,HARMAN JBL T110 (PRETO),G,4,5.0,G-4-5,736
22021820,HARMAN JBL HEADPHONE TUNE 520 BT PT,G,4,5.0,G-4-5,737
22022505,SSG CARREG SFC 25W SEM CABO EP-T2510N PT,G,5,1.0,G-5-1,738
22018920,MOTO CARREGADOR PAREDE TURBOPOWER-18W PT,G,5,1.0,G-5-1,739
22020635,MOTOROLA CARREGADOR DE PAREDE 30W PT,G,5,1.0,G-5-1,740
22020637,MOTOROLA CARREGADOR DE PAREDE 50 DUO PT,G,5,1.0,G-5-1,741
22018668,CARREGADOR MAGNETICO APPLE WATCH 2M,G,5,2.0,G-5-2,742
22019827,APPLE CARREGADOR IPHONE MAGSAFE BR,G,5,2.0,G-5-2,743
22022526,APPLE CARREGADOR USB-C 20W BR,G,5,2.0,G-5-2,744
22023036,APPLE CARREGADOR MAGNETICO WATCH 1M BR,G,5,3.0,G-5-3,745
22023125,APPLE CARREGADOR MAGSAFE 1M BR,G,5,3.0,G-5-3,746
22022613,APPLE CABO USB-C PARA LIGHTNING BR,G,5,3.0,G-5-3,747
22023525,APPLE CABO RECARGA TRANÇADO USB-C 1M BR,G,5,4.0,G-5-4,748
22022345,SAMSUNG CAPA CLEAR GALAXY S24 TPT,G,5,4.0,G-5-4,749
22023395,SSG CP PROTETORA GALAXY S25 TPT,G,5,4.0,G-5-4,750
22023735,SAMSUNG CAPA GALAXY S25 EDGE TPT,G,5,5.0,G-5-5,751
22019823,APPLE CAPA CLEAR IPHONE 12 PRO,G,5,5.0,G-5-5,752
22019818,APPLE CAPA SILICONE IPHONE 12 PRO AM,G,5,5.0,G-5-5,753
22018355,CAPA DE SILICONE APPLE IPHONE 7/8/SE PT,G,5,5.0,G-5-5,754
22019819,APPLE CAPA SILICONE IPHONE 12 PRO PT,G,5,5.0,G-5-5,755
22019820,APPLE CAPA SILICONE IPHONE 12 PM AM,G,5,5.0,G-5-5,756
22019821,APPLE CAPA SILICONE IPHONE 12 PM PT,G,5,5.0,G-5-5,757
22019822,APPLE CAPA CLEAR IPHONE 12 MINI,G,5,5.0,G-5-5,758
22019817,APPLE CAPA SILICONE IPHONE 12 MINI PT,G,5,5.0,G-5-5,759
22019816,APPLE CAPA SILICONE IPHONE 12 MINI AM,G,5,5.0,G-5-5,760
22019824,APPLE CAPA CLEAR IPHONE 12 PRO MAX,G,5,5.0,G-5-5,761
22019841,APPLE CARTEIRA COURO IPHONE MAGSAFE AZ,G,5,5.0,G-5-5,762
22020078,APPLE LACO PARA AIR TAG AM,G,5,5.0,G-5-5,763
22020105,APPLE CHAVEIRO DE COURO PARA AIRTAG MR,G,6,1.0,G-6-1,764
22020275,APPLE CP SILIC MAGSAFE IPHONE 13 MINI PT,G,6,1.0,G-6-1,765
22020935,APPLE CP SL MAGSAFE IPHONE 14 PRO PT,G,6,1.0,G-6-1,766
22020937,APPLE CP SL MAGSAFE IPHONE 14 PROMAX PT,G,6,1.0,G-6-1,767
22020938,APPLE CP COURO MAGSAFE IPHONE 14 PRO PT,G,6,1.0,G-6-1,768
22020941,APPLE CP COURO MAGSAFE IPHONE 14 PRO VN,G,6,1.0,G-6-1,769
22022135,APPLE CP IPHONE 15PRO TECIDO MGSAFE PT,G,6,1.0,G-6-1,770
22021363,SSG CARREGADOR S/ FIO DUO PAD 15W PT,G,6,1.0,G-6-1,771
22020077,APLE AIR TAG (PACOTE COM 1),G,6,2.0,G-6-2,772
22022145,SSG GALAXY SMARTTAG 2 1 UNIDADE PT,G,6,2.0,G-6-2,773
22022940,MOTOROLA TAG 4 UNI AZM/VD,G,6,2.0,G-6-2,774
22021610,DPC MASSAGEADOR DE OLHOS RENPHO BR,G,6,2.0,G-6-2,775
22021614,DPC PISTOLA DE MASSAGEM ACTIVE RENPHO PT,G,6,2.0,G-6-2,776
22023321,RM MINI PISTOLA MASSAG. DEEP THERAPY AZ,G,6,3.0,G-6-3,777
22023569,RM MINI PISTOLA MASSAG. DEEP THERAPY CZ,G,6,3.0,G-6-3,778
22020714,AD CAMERA WI-FI FHD TP-LINK TAPO C100 BR,G,6,4.0,G-6-4,779
22020558,INTELBRAS EWS 301 CONECTOR SMART WIFI BR,G,6,4.0,G-6-4,780
22019904,TELLESCOM REPETIDOR SMT WIFI RG3110W PT,G,6,4.0,G-6-4,781
22021980,VIVO PLAY SMART TV STICK PT,G,6,5.0,G-6-5,782
22022605,VIVO REPETIDOR WI-FI 6 500IX4X4 PT,G,6,5.0,G-6-5,783
22022605,VIVO REPETIDOR WI-FI 6 500IX4X4 PT,G,7,1.0,G-7-1,784
RGWN00262000,WNC ROTEADOR WLD71-T5A PRETO LTE,G,7,2.0,G-7-2,785
22022606,VIVO REPETIDOR WI-FI 6 500IX4X4 CBU PT,G,7,3.0,G-7-3,786
RGWN00862000,BLACKBOX BLUCASTLE BCMG718 LTE 4G PT,G,7,3.0,G-7-3,787
MGZT05723000,ZTE MF79N MODEM 4G COM WI-FI BR,G,7,3.0,G-7-3,788
22018137,"CABO GEONAV PREMIUM 3X1 1,5M NYLON CINZA",G,7,3.0,G-7-3,789
22019175,APPLE ,G,7,4.0,G-7-4,790
22019185,ALFACOMEX CARREGADOR PORTATIL 6000mah AZ,G,7,4.0,G-7-4,791
22019462,GEONAV CARREGADOR PORTATIL 5000mAh BR,G,7,4.0,G-7-4,792
22019463,GEONAV CARREGADOR PORTATIL 5000mAh PT,G,7,5.0,G-7-5,793
22022627,GEONAV CABO USBC CONECT. LIGHTNING 2M AZ,G,7,5.0,G-7-5,794
22021309,OVVI AF CABO 2X1 KEVLAR 2M CZ,G,8,1.0,G-8-1,795
22022628,GEONAV SUPERPOWER GAN DUO 35W BR,G,8,2.0,G-8-2,796
22022643,GEONAV CARREGADOR POR INDUÇÃO 10.000 CZ,G,8,2.0,G-8-2,797
22022695,"GEONAV CABO 2X1 USB-C+ LIGHTNINIG 1,5 CZ",G,8,2.0,G-8-2,798
22022826,GEONAV CARREGADOR S POWER GAN DUO 65W BR,G,8,3.0,G-8-3,799
22018632,CAIXA DE SOM BLUETOOTH ANKER SC MINI 2 P,G,8,3.0,G-8-3,800
22021805,AMAZON ECHO DOT 5ª GER SPEAKER ALEXA PT,G,8,3.0,G-8-3,801
22021815,AMAZON ECHO DOT 5ª GER SPEAKER ALEXA BR,G,8,3.0,G-8-3,802
22021817,AMAZON ECHO POP SPEAKER ALEXA BR,G,8,4.0,G-8-4,803
22021855,AMAZON ECHO POP SPEAKER ALEXA PT,G,8,4.0,G-8-4,804
22022936,AMAZON ECHO SPOT 2024 ALEXA RELOGIO PT,G,8,4.0,G-8-4,805
22023233,AMAZON KINDLE 11 GER 2024 16GB PT,G,8,4.0,G-8-4,806
22023234,AMAZON KINDLE PAPERWHITE 12 GER 16GB PT,G,8,4.0,G-8-4,807
22023257,AMAZON ECHO SHOW 8 3ª GERACAO BR,G,8,5.0,G-8-5,808
22023469,AMAZON FIRE TV STICK HD PT,G,8,5.0,G-8-5,809
VAZIO,VAZIO,H,1,1.0,H-1-1,810
VAZIO,VAZIO,H,1,1.0,H-1-1,811
VAZIO,VAZIO,H,1,2.0,H-1-2,812
VAZIO,VAZIO,H,1,2.0,H-1-2,813
VAZIO,VAZIO,H,1,3.0,H-1-3,814
VAZIO,VAZIO,H,1,3.0,H-1-3,815
VAZIO,VAZIO,H,1,4.0,H-1-4,816
VAZIO,VAZIO,H,1,4.0,H-1-4,817
VAZIO,VAZIO,H,1,5.0,H-1-5,818
VAZIO,VAZIO,H,1,5.0,H-1-5,819
VAZIO,VAZIO,H,2,1.0,H-2-1,820
VAZIO,VAZIO,H,2,1.0,H-2-1,821
VAZIO,VAZIO,H,2,2.0,H-2-2,822
VAZIO,VAZIO,H,2,2.0,H-2-2,823
VAZIO,VAZIO,H,2,3.0,H-2-3,824
VAZIO,VAZIO,H,2,3.0,H-2-3,825
VAZIO,VAZIO,H,2,4.0,H-2-4,826
VAZIO,VAZIO,H,2,4.0,H-2-4,827
VAZIO,VAZIO,H,2,5.0,H-2-5,828
VAZIO,VAZIO,H,2,5.0,H-2-5,829
22020337,APPLE PULSEIRA ESPORTIVA 41mm BR DEMO,H,3,1.0,H-3-1,830
DGAP21866000,APPLE WATCH S9 GPS+CELL 45MM P/M PT DEMO,H,3,1.0,H-3-1,831
22019737,PULSEIRA SPORT APPLE WATCH 40MM PT DEMO,H,3,1.0,H-3-1,832
22019837,APPLE ,H,3,1.0,H-3-1,833
22019835,APPLE WATCH S6 GPS 44MM CZ SPORT PT,H,3,1.0,H-3-1,834
22019836,APPLE WATCH S6 GPS 44MM AZ SPORT AZ,H,3,1.0,H-3-1,835
22023387,OVVI GSHIELD FILME FOSCA,H,3,2.0,H-3-2,836
22023388,OVVI GSHIELD FILME PRIVACIDADE,H,3,2.0,H-3-2,837
22023405,OVVI CUSTOMIC FILME PRIVACIDADE,H,3,3.0,H-3-3,838
22023613,GSHIELD FILME EXPRESS 7 POL CLEAR,H,3,3.0,H-3-3,839
22023324,RM BALANCA DIGITAL GO BALANCE BIOIMPE BR,H,3,4.0,H-3-4,840
BGAP200C3000,APPLE ,H,3,5.0,H-3-5,841
BGAP170C3000,APPLE ,H,3,5.0,H-3-5,842
BGAP118C3000,APPLE ,H,3,5.0,H-3-5,843
VAZIO,VAZIO,H,4,1.0,H-4-1,844
22023262,OVVI GSHIELD FILME PRO CLEAR,H,4,2.0,H-4-2,845
22023263,OVVI GSHIELD FILME PRO FOSCA,H,4,2.0,H-4-2,846
22023264,OVVI GSHIELD FILME PRO PRIVACIDADE,H,4,3.0,H-4-3,847
22023370,OVVI CUSTOMIC FILME PRO CLEAR,H,4,3.0,H-4-3,848
22023371,OVVI CUSTOMIC FILME PRO FOSCA,H,4,4.0,H-4-4,849
22023372,OVVI CUSTOMIC FILME PRO PRIVACIDADE,H,4,4.0,H-4-4,850
22023373,OVVI CUSTOMIC FILME CLEAR,H,4,4.0,H-4-4,851
22023374,OVVI CUSTOMIC FILME FOSCA,H,4,5.0,H-4-5,852
22023386,OVVI GSHIELD FILME CLEAR,H,4,5.0,H-4-5,853
22023495,OVVI AF POWERBANK 5000MAH MGSAFE SLIM GF,H,5,1.0,H-5-1,854
22022667,OVVI AF CAR. PORTÁTIL UNIV 12000MAH BR,H,5,2.0,H-5-2,855
22022668,OVVI AF CAR. PORTÁTIL UNIV 12000MAH CZ,H,5,2.0,H-5-2,856
22022766,OVVI AF CARREG PORTÁTIL UNIV 6000MAH CZ,H,5,2.0,H-5-2,857
22022669,OVVI AF CARREG PAREDE UNIV 65W PD QC BR,H,5,2.0,H-5-2,858
22020787,OVVI CM FILME FLEXIVEL GAMER ES,H,5,3.0,H-5-3,859
22020788,OVVI CM FILME FLEXIVEL PRIVACIDADE ES,H,5,3.0,H-5-3,860
22020789,OVVI CM FILME FLEXIVEL ANTIBACTÉRIA ES,H,5,3.0,H-5-3,861
22021369,OVVI CM PELICULA VIDRO IPHONE 14 PLUS,H,5,4.0,H-5-4,862
22021371,OVVI CM PELICULA VIDRO IPHONE 14,H,5,4.0,H-5-4,863
22021372,OVVI CM PELICULA VIDRO IPHONE 14 PRO MAX,H,5,4.0,H-5-4,864
22021373,OVVI CM PELICULA VIDRO IPHONE 14 PRO,H,5,4.0,H-5-4,865
22021522,OVVI CM FILME FLEXÍVEL P/ TELAS CURVAS,H,5,4.0,H-5-4,866
22022074,OVVI CM PELICULA VIDRO IPHONE 15 PRO,H,5,5.0,H-5-5,867
22023258,OVVI CM PELICULA VIDRO IPHONE 16,H,5,5.0,H-5-5,868
22023259,OVVI CM PELICULA VIDRO IPHONE 16 PLUS,H,5,5.0,H-5-5,869
22023260,OVVI CM PELICULA VIDRO IPHONE 16 PRO,H,5,5.0,H-5-5,870
22023261,OVVI CM PELICULA VIDRO IPHONE 16 PMAX,H,5,5.0,H-5-5,871
VAZIO,VAZIO,H,5.8,2.0,"H-5,8-2",872
22021726,OVVI AF CARREG VEICULAR UNIV 38W PDQC CZ,H,6,1.0,H-6-1,873
22022077,OVVI AF CARREG 3x1 ESTEIRA APPLE CZ,H,6,1.0,H-6-1,874
22022078,OVVI AF CARREG 3x1 ESTEIRA SAMSUNG CZ,H,6,2.0,H-6-2,875
22022079,OVVI AF CARREG 3x1 BASE Z APPLE CZ,H,6,2.0,H-6-2,876
22022669,OVVI AF CARREG PAREDE UNIV 65W PD QC BR,H,6,3.0,H-6-3,877
22022761,OVVI AF CARREG VEICULAR UNIV 38W PDQC CZ,H,6,3.0,H-6-3,878
22022776,OVVI AF CARREG 3x1 BASE Z APPLE CZ,H,6,4.0,H-6-4,879
22020798,OVVI AF CARREG PORTÁTIL UNIV 6000MAH BR,H,6,4.0,H-6-4,880
22020799,OVVI AF CARREG PORTÁTIL UNIV 6000MAH CZ,H,6,4.0,H-6-4,881
22021481,OVVI AF CAR. PORTÁTIL UNIV 12000MAH BR,H,6,5.0,H-6-5,882
22021482,OVVI AF CAR. PORTÁTIL UNIV 12000MAH CZ,H,6,5.0,H-6-5,883
22022666,OVVI AF CARREG PORTÁTIL UNIV 6000MAH BR,H,6,5.0,H-6-5,884
VAZIO,VAZIO,H,7,1.0,H-7-1,885
22022762,OVVI AF CABO USBC LIGHTNING 2M KEVLAR PT,H,7,2.0,H-7-2,886
22022763,OVVI AF CABO USBC LIGHTNING 2M KEVLAR AZ,H,7,2.0,H-7-2,887
22022764,OVVI AF CABO USBC LIGHTNING 2M KEVLAR VD,H,7,2.0,H-7-2,888
22022765,OVVI AF CABO USBC LIGHTNING 2M KEVLAR BR,H,7,3.0,H-7-3,889
22022767,OVVI AF CABO USB-C USB-C KEVLAR 2M PT,H,7,3.0,H-7-3,890
22022768,OVVI AF CABO USB-C USB-C KEVLAR 2M AZ,H,7,3.0,H-7-3,891
22022769,OVVI AF CABO USB-C USB-C KEVLAR 2M VD,H,7,4.0,H-7-4,892
22022770,OVVI AF CABO USB-C USB-C KEVLAR 2M BR,H,7,4.0,H-7-4,893
22022773,OVVI AF CABO 2X1 KEVLAR 2M CZ,H,7,4.0,H-7-4,894
22021294,OVVI AF CARREG PAREDE UNIV 65W PD QC BR,H,7,5.0,H-7-5,895
22021676,OVVI AF CARREG PAREDE UNIV 35W PD PPS BR,H,7,5.0,H-7-5,896
22021678,OVVI AF CARREG PAREDE UNIV 65W PD QC BR,H,7,5.0,H-7-5,897
22022496,SAMSUNG PROJETOR THE FREESTYLE 2ªGER BR,H,8,1.0,H-8-1,898
22021296,OVVI AF CABO USB-C USB-C KEVLAR 2M VD,H,8,2.0,H-8-2,899
22021297,OVVI AF CABO USB-C USB-C KEVLAR 2M PT,H,8,2.0,H-8-2,900
22021302,OVVI AF CABO USB-C USB-C KEVLAR 2M BR,H,8,2.0,H-8-2,901
22021304,OVVI AF CABO USB-C USB-C KEVLAR 2M AZ,H,8,3.0,H-8-3,902
22021307,OVVI AF CABO 2X1 KEVLAR 2M BR,H,8,3.0,H-8-3,903
22021306,OVVI AF CABO USBC LIGHTNING 2M KEVLAR VD,H,8,3.0,H-8-3,904
22021308,OVVI AF CABO USBC LIGHTNING 2M KEVLAR PT,H,8,4.0,H-8-4,905
22021309,OVVI AF CABO 2X1 KEVLAR 2M CZ,H,8,4.0,H-8-4,906
22021310,OVVI AF CABO USBC LIGHTNING 2M KEVLAR BR,H,8,4.0,H-8-4,907
22021311,OVVI AF CABO 3x1 KEVLAR 2M BR,H,8,5.0,H-8-5,908
22021312,OVVI AF CABO USBC LIGHTNING 2M KEVLAR AZ,H,8,5.0,H-8-5,909
22021313,OVVI AF CABO 3X1 KEVLAR 2M CZ,H,8,5.0,H-8-5,910
22022762,OVVI AF CABO USBC LIGHTNING 2M KEVLAR PT,I,1,1.0,I-1-1,911
22022763,OVVI AF CABO USBC LIGHTNING 2M KEVLAR AZ,I,1,2.0,I-1-2,912
22022767,OVVI AF CABO USB-C USB-C KEVLAR 2M PT,I,1,3.0,I-1-3,913
22022767,OVVI AF CABO USB-C USB-C KEVLAR 2M PT,I,1,4.0,I-1-4,914
22022770,OVVI AF CABO USB-C USB-C KEVLAR 2M BR,I,1,5.0,I-1-5,915
22022773,OVVI AF CABO 2X1 KEVLAR 2M CZ,I,1,6.0,I-1-6,916
VAZIO,VAZIO,I,1,7.0,I-1-7,917
22021311,OVVI AF CABO 3x1 KEVLAR 2M BR,I,2,1.0,I-2-1,918
22021311,OVVI AF CABO 3x1 KEVLAR 2M BR,I,2,2.0,I-2-2,919
22021312,OVVI AF CABO USBC LIGHTNING 2M KEVLAR AZ,I,2,3.0,I-2-3,920
22021308,OVVI AF CABO USBC LIGHTNING 2M KEVLAR PT,I,2,4.0,I-2-4,921
22021308,OVVI AF CABO USBC LIGHTNING 2M KEVLAR PT,I,2,5.0,I-2-5,922
22021309,OVVI AF CABO 2X1 KEVLAR 2M CZ,I,2,6.0,I-2-6,923
22021309,OVVI AF CABO 2X1 KEVLAR 2M CZ,I,2,7.0,I-2-7,924
22021308,OVVI AF CABO USBC LIGHTNING 2M KEVLAR PT,I,3,1.0,I-3-1,925
22021309,OVVI AF CABO 2X1 KEVLAR 2M CZ,I,3,2.0,I-3-2,926
22021309,OVVI AF CABO 2X1 KEVLAR 2M CZ,I,3,3.0,I-3-3,927
22021310,OVVI AF CABO USBC LIGHTNING 2M KEVLAR BR,I,3,4.0,I-3-4,928
22021310,OVVI AF CABO USBC LIGHTNING 2M KEVLAR BR,I,3,5.0,I-3-5,929
22021310,OVVI AF CABO USBC LIGHTNING 2M KEVLAR BR,I,3,6.0,I-3-6,930
22021310,OVVI AF CABO USBC LIGHTNING 2M KEVLAR BR,I,3,7.0,I-3-7,931
22021296,OVVI AF CABO USB-C USB-C KEVLAR 2M VD,I,4,1.0,I-4-1,932
22021297,OVVI AF CABO USB-C USB-C KEVLAR 2M PT,I,4,2.0,I-4-2,933
22021297,OVVI AF CABO USB-C USB-C KEVLAR 2M PT,I,4,3.0,I-4-3,934
22021302,OVVI AF CABO USB-C USB-C KEVLAR 2M BR,I,4,4.0,I-4-4,935
VAZIO,VAZIO,I,4,5.0,I-4-5,936
22021307,OVVI AF CABO 2X1 KEVLAR 2M BR,I,4,6.0,I-4-6,937
22021307,OVVI AF CABO 2X1 KEVLAR 2M BR,I,4,7.0,I-4-7,938
22022766,OVVI AF CARREG PORTÁTIL UNIV 6000MAH CZ,J,1,1.0,J-1-1,939
22022776,OVVI AF CARREG 3x1 BASE Z APPLE CZ,J,1,2.0,J-1-2,940
22022776,OVVI AF CARREG 3x1 BASE Z APPLE CZ,J,1,3.0,J-1-3,941
22022776,OVVI AF CARREG 3x1 BASE Z APPLE CZ,J,1,4.0,J-1-4,942
22022776,OVVI AF CARREG 3x1 BASE Z APPLE CZ,J,1,5.0,J-1-5,943
22021481,OVVI AF CAR. PORTÁTIL UNIV 12000MAH BR,J,1,6.0,J-1-6,944
22021481,OVVI AF CAR. PORTÁTIL UNIV 12000MAH BR,J,1,7.0,J-1-7,945
22022667,OVVI AF CAR. PORTÁTIL UNIV 12000MAH BR,J,2,1.0,J-2-1,946
22022667,OVVI AF CAR. PORTÁTIL UNIV 12000MAH BR,J,2,2.0,J-2-2,947
22022667,OVVI AF CAR. PORTÁTIL UNIV 12000MAH BR,J,2,3.0,J-2-3,948
22022668,OVVI AF CAR. PORTÁTIL UNIV 12000MAH CZ,J,2,4.0,J-2-4,949
22022761,OVVI AF CARREG VEICULAR UNIV 38W PDQC CZ,J,2,5.0,J-2-5,950
22022766,OVVI AF CARREG PORTÁTIL UNIV 6000MAH CZ,J,2,6.0,J-2-6,951
22022766,OVVI AF CARREG PORTÁTIL UNIV 6000MAH CZ,J,2,7.0,J-2-7,952
22020799,OVVI AF CARREG PORTÁTIL UNIV 6000MAH CZ,J,3,1.0,J-3-1,953
22021482,OVVI AF CAR. PORTÁTIL UNIV 12000MAH CZ,J,3,2.0,J-3-2,954
22021482,OVVI AF CAR. PORTÁTIL UNIV 12000MAH CZ,J,3,3.0,J-3-3,955
22021676,OVVI AF CARREG PAREDE UNIV 35W PD PPS BR,J,3,4.0,J-3-4,956
22021726,OVVI AF CARREG VEICULAR UNIV 38W PDQC CZ,J,3,5.0,J-3-5,957
22021726,OVVI AF CARREG VEICULAR UNIV 38W PDQC CZ,J,3,6.0,J-3-6,958
22022666,OVVI AF CARREG PORTÁTIL UNIV 6000MAH BR,J,3,7.0,J-3-7,959
22021304,OVVI AF CABO USB-C USB-C KEVLAR 2M AZ,J,4,1.0,J-4-1,960
22022695,"GEONAV CABO 2X1 USB-C+ LIGHTNINIG 1,5 CZ",J,4,2.0,J-4-2,961
22029185,APPLE ,J,4,2.0,J-4-2,962
22021306,OVVI AF CABO USBC LIGHTNING 2M KEVLAR VD,J,4,3.0,J-4-3,963
22022765,OVVI AF CABO USBC LIGHTNING 2M KEVLAR BR,J,4,4.0,J-4-4,964
22020798,OVVI AF CARREG PORTÁTIL UNIV 6000MAH BR,J,4,5.0,J-4-5,965
22020799,OVVI AF CARREG PORTÁTIL UNIV 6000MAH CZ,J,4,6.0,J-4-6,966
22020799,OVVI AF CARREG PORTÁTIL UNIV 6000MAH CZ,J,4,7.0,J-4-7,967
22022669,OVVI AF CARREG PAREDE UNIV 65W PD QC BR,K,1,1.0,K-1-1,968
22022669,OVVI AF CARREG PAREDE UNIV 65W PD QC BR,K,1,2.0,K-1-2,969
22021980,VIVO PLAY SMART TV STICK PT,K,1,3.0,K-1-3,970
22021980,VIVO PLAY SMART TV STICK PT,K,1,4.0,K-1-4,971
22021980,VIVO PLAY SMART TV STICK PT,K,1,5.0,K-1-5,972
22021980,VIVO PLAY SMART TV STICK PT,K,1,6.0,K-1-6,973
22021980,VIVO PLAY SMART TV STICK PT,K,1,7.0,K-1-7,974
VAZIO,VAZIO,K,2,1.0,K-2-1,975
VAZIO,VAZIO,K,2,2.0,K-2-2,976
22023532,APPLE IPAD 11 POL WIFI 128GB PR,K,2,2.0,K-2-2,977
22022682,SSG FONE OUVIDO BUDS 3 PRO CZ,K,2,3.0,K-2-3,978
22022123,SAMSUNG FONE DE OUVIDO BUDS FE R400N GF,K,2,4.0,K-2-4,979
22022123,SAMSUNG FONE DE OUVIDO BUDS FE R400N GF,K,2,5.0,K-2-5,980
22023525,APPLE CABO RECARGA TRANÇADO USB-C 1M BR,K,2,6.0,K-2-6,981
22022613,APPLE CABO USB-C PARA LIGHTNING BR,K,2,6.0,K-2-6,982
22020129,APPLE ,K,2,6.0,K-2-6,983
22021980,VIVO PLAY SMART TV STICK PT,K,2,7.0,K-2-7,984
VAZIO,VAZIO,K,3,1.0,K-3-1,985
VAZIO,VAZIO,K,3,2.0,K-3-2,986
22022282,OVVI CM CP GALAXY S24+ ANTIBAC BR,K,3,3.0,K-3-3,987
22022878,WAP FONE OUVIDO BT WAAW MOB 500 ANC PT,K,3,4.0,K-3-4,988
22022878,WAP FONE OUVIDO BT WAAW MOB 500 ANC PT,K,3,5.0,K-3-5,989
22022282,OVVI CM CP GALAXY S24+ ANTIBAC BR,K,3,6.0,K-3-6,990
VAZIO,VAZIO,K,3,7.0,K-3-7,991
VAZIO,VAZIO,K,4,1.0,K-4-1,992
22022749,OVVI CM CP GALAXY S24+ SILIC PT,K,4,2.0,K-4-2,993
22022748,OVVI CM CP IPHONE 15 SILIC MAGSAFE PT,K,4,3.0,K-4-3,994
22022305,OVVI CM CP GALAXY S24 ULTRA ANTIBAC BR,K,4,4.0,K-4-4,995
22022753,OVVI CM CP IPHONE 15 CLEAR MAGSAFE TPT,K,4,5.0,K-4-5,996
VAZIO,VAZIO,K,4,6.0,K-4-6,997
VAZIO,VAZIO,K,4,7.0,K-4-7,998
VAZIO,VAZIO,L,1,1.0,L-1-1,999
22022738,OVVI CM CP IPHONE 15 ANTIBAC PT,L,1,2.0,L-1-2,1000
22022738,OVVI CM CP IPHONE 15 ANTIBAC PT,L,1,3.0,L-1-3,1001
22022738,OVVI CM CP IPHONE 15 ANTIBAC PT,L,1,4.0,L-1-4,1002
22022738,OVVI CM CP IPHONE 15 ANTIBAC PT,L,1,5.0,L-1-5,1003
22022738,OVVI CM CP IPHONE 15 ANTIBAC PT,L,1,6.0,L-1-6,1004
22022738,OVVI CM CP IPHONE 15 ANTIBAC PT,L,1,7.0,L-1-7,1005
VAZIO,VAZIO,L,2,1.0,L-2-1,1006
22022496,SAMSUNG PROJETOR THE FREESTYLE 2ªGER BR,L,2,2.0,L-2-2,1007
22022496,SAMSUNG PROJETOR THE FREESTYLE 2ªGER BR,L,2,3.0,L-2-3,1008
22022496,SAMSUNG PROJETOR THE FREESTYLE 2ªGER BR,L,2,4.0,L-2-4,1009
22022496,SAMSUNG PROJETOR THE FREESTYLE 2ªGER BR,L,2,5.0,L-2-5,1010
22022496,SAMSUNG PROJETOR THE FREESTYLE 2ªGER BR,L,2,6.0,L-2-6,1011
22022496,SAMSUNG PROJETOR THE FREESTYLE 2ªGER BR,L,2,7.0,L-2-7,1012
VAZIO,VAZIO,L,3,1.0,L-3-1,1013
VAZIO,VAZIO,L,3,2.0,L-3-2,1014
22021964,OVVI CM ALÇA UNIVERSAL AZ,L,3,3.0,L-3-3,1015
22022758,OVVI CM CP GALAXY S24 ULTRA SILIC PT,L,3,3.0,L-3-3,1016
22022737,OVVI CM CP IPHONE 15 ANTIBAC BR,L,3,4.0,L-3-4,1017
VAZIO,VAZIO,L,3,5.0,L-3-5,1018
VAZIO,VAZIO,L,3,6.0,L-3-6,1019
VAZIO,VAZIO,L,3,7.0,L-3-7,1020
22023323,RM ALMOFADA MASSAG. SHIATSU PILLOW CZ,L,4,1.0,L-4-1,1021
22023323,RM ALMOFADA MASSAG. SHIATSU PILLOW CZ,L,4,2.0,L-4-2,1022
VAZIO,VAZIO,L,4,3.0,L-4-3,1023
VAZIO,VAZIO,L,4,4.0,L-4-4,1024
VAZIO,VAZIO,L,4,5.0,L-4-5,1025
VAZIO,VAZIO,L,4,6.0,L-4-6,1026
VAZIO,VAZIO,L,4,7.0,L-4-7,1027
22019279,GEONAV SMART ADAPTADOR DE TOMADA BR,M,16,1.0,M-16-1,1028
22017726,"CABO LIGHTNING PREMIUM 1,5M TITANIUM/PTO",M,16,1.0,M-16-1,1029
22017726,"CABO LIGHTNING PREMIUM 1,5M TITANIUM/PTO",M,16,2.0,M-16-2,1030
22019185,ALFACOMEX CARREGADOR PORTATIL 6000mah AZ,M,16,2.0,M-16-2,1031
22021911,LENOVO MOUSE SEM FIO 300 GY51L15677 BR,M,16,3.0,M-16-3,1032
22019692,CARREGADOR UNIV ADAPTADOR VIAGEM PT,M,16,4.0,M-16-4,1033
22019463,GEONAV CARREGADOR PORTATIL 5000mAh PT,M,16,4.0,M-16-4,1034
22018515,APPLE ,M,16,4.0,M-16-4,1035
22019464,GEONAV SUPORTE MAGNÉTICO VEICULAR PT,M,16,4.0,M-16-4,1036
22019663,APPLE ,M,16,4.0,M-16-4,1037
22018517,APPLE ,M,16,4.0,M-16-4,1038
22017726,"CABO LIGHTNING PREMIUM 1,5M TITANIUM/PTO",M,16,4.0,M-16-4,1039
22019711,GEONAV ESTOJO ESTERLIZADOR UVC CZ,M,16,5.0,M-16-5,1040
22022119,OVVI CM CP IPHONE 15 SILIC MGSAFE CR,M,17,0.0,M-17-0,1041
22018236,CABO MICRO USB SILICONE 12CM PRETO,M,17,1.0,M-17-1,1042
22019662,XIAOMI FONE MI TRUE EARBUDS XM541 BR,M,17,2.0,M-17-2,1043
22020763,MULTILASER BALANÇA BT C/ HANDLE HC060 BR,M,17,2.0,M-17-2,1044
22020085,MULTILASER CARREGADOR PAREDE CB104 PT,M,17,2.0,M-17-2,1045
22019745,MULTILASER CAIXA DE SOM SP382 PT,M,17,2.0,M-17-2,1046
22020086,MULTILASER POWER BANK 5000 MAH CB142 PT,M,17,2.0,M-17-2,1047
22018315,"CABO 2X1 I2GO 1,5M JEANS",M,17,3.0,M-17-3,1048
22020019,I2GO CARREGADOR DE PAREDE 2.4A PT,M,17,3.0,M-17-3,1049
22019745,MULTILASER CAIXA DE SOM SP382 PT,M,17,4.0,M-17-4,1050
22018921,MULTILASER CAIXA DE SOM SP390 PRETO,M,17,4.0,M-17-4,1051
22020763,MULTILASER BALANÇA BT C/ HANDLE HC060 BR,M,17,5.0,M-17-5,1052
22018236,CABO MICRO USB SILICONE 12CM PRETO,M,17,5.0,M-17-5,1053
22022120,OVVI CM CP IPHONE 15 SILIC MGSAFE LL,M,18,0.0,M-18-0,1054
22022093,OVVI CM CP IPHONE 15PRO ANTIBAC BR,M,18,0.0,M-18-0,1055
22018933,CARREGADOR TOMADA ANKER PD 2 PORTAS BRCO,M,18,1.0,M-18-1,1056
22018155,CARREGADOR VIAGEM EA QC 3.0 PRETO,M,18,1.0,M-18-1,1057
22018934,CARREGADOR VEICULAR ANKER PD 2 PORTAS PT,M,18,1.0,M-18-1,1058
22019557,MULTILASER SMARTBAND TOQUIO PT,M,18,1.0,M-18-1,1059
22018825,SAMSUNG FONE ON EAR AKG Y500 PRETO,M,18,1.0,M-18-1,1060
22018156,SUPORTE VEICULAR MAGNET EA PRETO,M,18,1.0,M-18-1,1061
MGZT04323000,ZTE MF710 MODEM BRANCO BASICO,M,18,1.0,M-18-1,1062
22021333,OVVI CM PIN LETRA A DR,M,18,2.0,M-18-2,1063
22021334,OVVI CM PIN LETRA B DR,M,18,2.0,M-18-2,1064
22021485,OVVI CM PIN LETRA C DR,M,18,2.0,M-18-2,1065
22021486,OVVI CM PIN LETRA D DR,M,18,2.0,M-18-2,1066
22011488,APPLE ,M,18,2.0,M-18-2,1067
22021489,OVVI CM PIN LETRA F DR,M,18,2.0,M-18-2,1068
22021490,OVVI CM PIN LETRA G DR,M,18,2.0,M-18-2,1069
22021495,OVVI CM PIN LETRA H DR,M,18,2.0,M-18-2,1070
22021496,OVVI CM PIN LETRA I DR,M,18,3.0,M-18-3,1071
22021497,OVVI CM PIN LETRA J DR,M,18,3.0,M-18-3,1072
22021499,OVVI CM PIN LETRA K DR,M,18,3.0,M-18-3,1073
22021500,OVVI CM PIN LETRA L DR,M,18,3.0,M-18-3,1074
22021501,OVVI CM PIN LETRA M DR,M,18,3.0,M-18-3,1075
22021502,OVVI CM PIN LETRA N DR,M,18,3.0,M-18-3,1076
22021503,OVVI CM PIN LETRA O DR,M,18,3.0,M-18-3,1077
22021505,OVVI CM PIN LETRA P DR,M,18,3.0,M-18-3,1078
22021506,OVVI CM PIN LETRA Q DR,M,18,4.0,M-18-4,1079
22021507,OVVI CM PIN LETRA R DR,M,18,4.0,M-18-4,1080
22021508,OVVI CM PIN LETRA S DR,M,18,4.0,M-18-4,1081
22021509,OVVI CM PIN LETRA T DR,M,18,4.0,M-18-4,1082
22021510,OVVI CM PIN LETRA U DR,M,18,4.0,M-18-4,1083
22021511,OVVI CM PIN LETRA V DR,M,18,4.0,M-18-4,1084
22021516,OVVI CM PIN LETRA Y DR,M,18,4.0,M-18-4,1085
22021514,OVVI CM PIN LETRA W DR,M,18,4.0,M-18-4,1086
22021515,OVVI CM PIN LETRA X DR,M,18,4.0,M-18-4,1087
22021521,OVVI CM PIN CORAÇÃO DR,M,18,4.0,M-18-4,1088
22021506,OVVI CM PIN LETRA Q DR,M,18,5.0,M-18-5,1089
22021510,OVVI CM PIN LETRA U DR,M,18,5.0,M-18-5,1090
22021517,OVVI CM PIN LETRA Z DR,M,18,5.0,M-18-5,1091
22021516,OVVI CM PIN LETRA Y DR,M,18,5.0,M-18-5,1092
22022121,OVVI CM CP IPHONE 15 SILIC MGSAFE PT,M,19,0.0,M-19-0,1093
22018819,SEMP TCL CAIXA DE SOM BS05B BT VERMELHA,M,19,1.0,M-19-1,1094
FFZT04663000,ZTE FWT WP755 (FIXO) PRETO BASICO,M,19,2.0,M-19-2,1095
22021586,MULTI ESTABILIZ OSMO MOBILE 6 DJI110V PT,M,19,2.0,M-19-2,1096
22019678,SAMSUNG EST UV CARREG QI GP-TOU020SAB BR,M,19,2.0,M-19-2,1097
VAZIO,VAZIO,M,19,3.0,M-19-3,1098
VAZIO,VAZIO,M,19,4.0,M-19-4,1099
22023185,OVVI CM CP IPHONE 16PMAX SILIC MGSAFE VD,M,20,0.0,M-20-0,1100
22018875,CUSTOMIC PELÍCULA VIDRO 3D IPHONE XR/11,M,20,1.0,M-20-1,1101
22018876,CUSTOMIC PELÍCULA VIDRO 3D IPHONE XS MAX,M,20,1.0,M-20-1,1102
22018877,CUSTOMIC PELÍCULA VIDRO 3D IPHONE X/XS,M,20,1.0,M-20-1,1103
22019225,CUSTOMIC PELÍCULA DE VIDRO 3D LG K40S,M,20,1.0,M-20-1,1104
22019226,CUSTOMIC PELÍCULA VIDRO 3D MOTO E6 PLUS,M,20,1.0,M-20-1,1105
22019315,CUSTOMIC PELÍCUL VIDRO 3D MOTO ONE MACRO,M,20,1.0,M-20-1,1106
22019316,CUSTOMIC PELÍCULA VIDRO 3D GALAXY A20S,M,20,1.0,M-20-1,1107
22019445,CUSTOMIC PELÍCULA DE VIDRO 3D IPHONE SE,M,20,1.0,M-20-1,1108
22019472,CUSTOMIC PELÍCULA DE VIDRO 3D GALAXY A01,M,20,1.0,M-20-1,1109
22019476,CUSTOMIC PELÍCULA DE VIDRO 3D GALAXY A31,M,20,1.0,M-20-1,1110
22019477,CUSTOMIC PELÍCULA DE VIDRO 3D LG K41S,M,20,1.0,M-20-1,1111
22019478,CM PL VIDRO 3D LG K51S K52 K61 K62 K62+,M,20,1.0,M-20-1,1112
22019479,CM PL VIDRO 3D LG K51S K52 K61 K62 K62+,M,20,1.0,M-20-1,1113
22019704,CUSTOMIC PLC VD 3D MOTO G8 POWER LITE,M,20,1.0,M-20-1,1114
22019705,CUSTOMIC PLC VD 3D MOTO ONE FUSION,M,20,1.0,M-20-1,1115
22019782,CUSTOMIC PELICULA VIDRO 3D IPHONE 12 PM,M,20,2.0,M-20-2,1116
22019779,CUSTOMIC PLC VD 3D ANTIBACT IPHONE 12 M,M,20,2.0,M-20-2,1117
22019780,CUSTOMIC PELICULA VIDRO 3D IPHONE 12 M,M,20,2.0,M-20-2,1118
22019781,CUSTOMIC PLC VD 3D ANTIBAC IPHONE 12 PM,M,20,2.0,M-20-2,1119
22019785,CUSTOMIC PLC VD 3D ANTIBAC IPHONE 12/12P,M,20,2.0,M-20-2,1120
22019786,CUSTOMIC PELICULA VIDRO 3D IPHONE 12/12P,M,20,2.0,M-20-2,1121
22019868,CUSTOMIC PLC VD 3D ANTIBAC GLX S20 FE,M,20,2.0,M-20-2,1122
22019949,CUSTOMIC PLC VD 3D ANTIBAC GALAXY S21 UT,M,20,2.0,M-20-2,1123
22019950,CUSTOMIC PLC VD 3D ANTIBAC GALAXY S21,M,20,2.0,M-20-2,1124
22019951,CUSTOMIC PLC VD 3D ANTIBAC GALAXY S21+,M,20,2.0,M-20-2,1125
22019866,CUSTOMIC PELÍCULA VIDRO 3D MOTO G9 PLAY,M,20,2.0,M-20-2,1126
22019867,CUSTOMIC PELÍCULA VIDRO 3D MOTO G9 PLUS,M,20,2.0,M-20-2,1127
22019945,CUSTOMIC PELÍCULA VIDRO 3D GALAXY A02S,M,20,2.0,M-20-2,1128
22019947,CUSTOMIC PELÍCULA VIDRO 3D GALAXY A32 5G,M,20,2.0,M-20-2,1129
22019946,CUSTOMIC PELÍCULA VIDRO 3D GALAXY A12,M,20,2.0,M-20-2,1130
22018967,PELÍCULA DE VIDRO IPHONE 7/8,M,20,2.0,M-20-2,1131
22018968,PELÍCULA DE VIDRO IPHONE 7/8 PLUS,M,20,2.0,M-20-2,1132
22018881,PELÍCULA VIDRO 3D MOTO ONE VISION/ACTION,M,20,2.0,M-20-2,1133
22018882,PELÍCULA DE VIDRO 3D GALAXY A70,M,20,2.0,M-20-2,1134
22018765,PELICULA DE VIDRO 3D GALAXY A10/A10S,M,20,2.0,M-20-2,1135
22018756,PELICULA DE VIDRO 3D GALAXY A30/A30S,M,20,2.0,M-20-2,1136
22018425,PELÍCULA PROTETORA DE VIDRO MOTO G6 PLAY,M,20,2.0,M-20-2,1137
22019090,PELÍCULA DE VIDRO 3D IPHONE 11 PRO,M,20,2.0,M-20-2,1138
22020013,CUSTOMIC PEL VD 3D GALAXY A52 4G/5G/S5G,M,20,3.0,M-20-3,1139
22020014,CUSTOMIC PELICULA DE VD 3D GALAXY A72 4G,M,20,3.0,M-20-3,1140
22020090,CUSTOMIC PELÍCULA GEL SAMSUNG GALAXY A02,M,20,3.0,M-20-3,1141
22020091,CUSTOMIC PELÍCULA GEL MOTO G10/G30,M,20,3.0,M-20-3,1142
22020208,CUSTOMIC PELICULA SAMSUNG A03S VD 3D,M,20,3.0,M-20-3,1143
22020289,CUSTOMIC PL IPHONE 13 MINI ANTIBAC,M,20,3.0,M-20-3,1144
22020646,CUSTOMIC PEL SSG A23 4G VD COM BORDA N,M,20,3.0,M-20-3,1145
22020542,CUSTOMIC PEL APPLE IPHONE 11/XR VIDRO 3D,M,20,3.0,M-20-3,1146
22020767,CUSTOMIC PL VD C BORDA IPHONE 13/13 PRO,M,20,3.0,M-20-3,1147
22020885,CM PELICULA VIDRO 3D IPHONE 12 ES,M,20,3.0,M-20-3,1148
22020446,CUSTOMIC PELICULA VIDRO 3D GALAXY A12,M,20,3.0,M-20-3,1149
22020656,CUSTOMIC PEL SSG A13 4G VD COM BORDA N,M,20,3.0,M-20-3,1150
22020488,CUSTOMIC PL GALAXY A33 VIDRO C/ BORDA,M,20,4.0,M-20-4,1151
22020431,CUSTOMIC PELICULA VIDRO 3D IPHONE 12,M,20,4.0,M-20-4,1152
22020375,CUSTOMIC PELICULA MOTOROLA MOTO E40 FLEX,M,20,4.0,M-20-4,1153
22020433,CUSTOMIC PL IPHONE 13 PRO MAX ANTIBAC,M,20,4.0,M-20-4,1154
22020445,CUSTOMIC PL IPHONE 13/ 13 PRO ANTIBAC,M,20,4.0,M-20-4,1155
22020492,CUSTOMIC PL GALAXY S22+ ANTIBACTERIA,M,20,4.0,M-20-4,1156
22020356,CUSTOMIC PEL VD COM BORDA IPHONE 13 MINI,M,20,4.0,M-20-4,1157
22020447,CUSTOMIC PL VD 3D GALAXY A52 4G/5G/S5G,M,20,4.0,M-20-4,1158
22020365,CUSTOMIC PL VD C BORDA IPHONE 13/13 PRO,M,20,4.0,M-20-4,1159
22020447,CUSTOMIC PL VD 3D GALAXY A52 4G/5G/S5G,M,20,4.0,M-20-4,1160
22020365,CUSTOMIC PL VD C BORDA IPHONE 13/13 PRO,M,20,4.0,M-20-4,1161
22022155,OVVI CM PELICULA VIDRO IPHONE 15 PLUS,M,20,4.0,M-20-4,1162
22022157,OVVI CM PELICULA VIDRO IPHONE 15 PRO MAX,M,20,4.0,M-20-4,1163
22022073,OVVI CM PELICULA VIDRO IPHONE 15,M,20,4.0,M-20-4,1164
22021371,OVVI CM PELICULA VIDRO IPHONE 14,M,20,4.0,M-20-4,1165
22021373,OVVI CM PELICULA VIDRO IPHONE 14 PRO,M,20,4.0,M-20-4,1166
22022074,OVVI CM PELICULA VIDRO IPHONE 15 PRO,M,20,4.0,M-20-4,1167
22028240,APPLE ,M,20,4.0,M-20-4,1168
22028241,APPLE ,M,20,4.0,M-20-4,1169
22028242,APPLE ,M,20,4.0,M-20-4,1170
22028516,APPLE ,M,20,4.0,M-20-4,1171
22028518,APPLE ,M,20,4.0,M-20-4,1172
22022526,APPLE CARREGADOR USB-C 20W BR,M,21,1.0,M-21-1,1173
22022526,APPLE CARREGADOR USB-C 20W BR,M,21,2.0,M-21-2,1174
22022526,APPLE CARREGADOR USB-C 20W BR,M,21,3.0,M-21-3,1175
22022526,APPLE CARREGADOR USB-C 20W BR,M,21,4.0,M-21-4,1176
22022526,APPLE CARREGADOR USB-C 20W BR,M,21,5.0,M-21-5,1177
22022094,OVVI CM CP IPHONE 15PRO ANTIBAC PT,M,16,1.0,M-16-1,1178
22022281,OVVI CM CP GALAXY S24+ ANTIBAC PT,M,16,2.0,M-16-2,1179
22022693,OVVI CM CP GALAXY S24 ANTIBAC PT,M,16,3.0,M-16-3,1180
22022847,OVVI CM CP IPHONE 16PLUS ANTIBAC BR,M,16,3.0,M-16-3,1181
22022857,OVVI CM CP IPHONE 16PMAX SILIC MGSAFE CZ,M,16,4.0,M-16-4,1182
22022851,OVVI CM CP IPHONE 16PLUS SILIC MGSAFE PT,M,16,4.0,M-16-4,1183
22022089,OVVI CM CP IPHONE 15 ANTIBAC BR,M,16,4.0,M-16-4,1184
22022526,APPLE CARREGADOR USB-C 20W BR,M,16,5.0,M-16-5,1185
VAZIO,VAZIO,M,17,1.0,M-17-1,1186
22022278,OVVI CM CP GALAXY S24 ANTIBAC PT,M,17,2.0,M-17-2,1187
22022281,OVVI CM CP GALAXY S24+ ANTIBAC PT,M,17,3.0,M-17-3,1188
22022281,OVVI CM CP GALAXY S24+ ANTIBAC PT,M,17,4.0,M-17-4,1189
22022281,OVVI CM CP GALAXY S24+ ANTIBAC PT,M,17,5.0,M-17-5,1190
VAZIO,VAZIO,N,10,1.0,N-10-1,1191
VAZIO,VAZIO,N,10,2.0,N-10-2,1192
22023264,OVVI GSHIELD FILME PRO PRIVACIDADE,N,10,3.0,N-10-3,1193
22023264,OVVI GSHIELD FILME PRO PRIVACIDADE,N,10,4.0,N-10-4,1194
22023387,OVVI GSHIELD FILME FOSCA,N,10,5.0,N-10-5,1195
22023262,OVVI GSHIELD FILME PRO CLEAR,N,10,5.0,N-10-5,1196
22023263,OVVI GSHIELD FILME PRO FOSCA,N,11,1.0,N-11-1,1197
22023386,OVVI GSHIELD FILME CLEAR,N,11,1.0,N-11-1,1198
22023386,OVVI GSHIELD FILME CLEAR,N,11,2.0,N-11-2,1199
22023263,OVVI GSHIELD FILME PRO FOSCA,N,11,3.0,N-11-3,1200
22023263,OVVI GSHIELD FILME PRO FOSCA,N,11,4.0,N-11-4,1201
22023263,OVVI GSHIELD FILME PRO FOSCA,N,11,5.0,N-11-5,1202
22023386,OVVI GSHIELD FILME CLEAR,N,12,1.0,N-12-1,1203
22023386,OVVI GSHIELD FILME CLEAR,N,12,2.0,N-12-2,1204
22023386,OVVI GSHIELD FILME CLEAR,N,12,3.0,N-12-3,1205
22023386,OVVI GSHIELD FILME CLEAR,N,12,4.0,N-12-4,1206
22023386,OVVI GSHIELD FILME CLEAR,N,12,5.0,N-12-5,1207
22023386,OVVI GSHIELD FILME CLEAR,N,13,1.0,N-13-1,1208
22023386,OVVI GSHIELD FILME CLEAR,N,13,2.0,N-13-2,1209
22023386,OVVI GSHIELD FILME CLEAR,N,13,3.0,N-13-3,1210
22023386,OVVI GSHIELD FILME CLEAR,N,13,4.0,N-13-4,1211
22023386,OVVI GSHIELD FILME CLEAR,N,13,5.0,N-13-5,1212
22020746,LENOVO MOCHILA CASUAL B210 15.6 PT,O,10,1.0,O-10-1,1213
22020746,LENOVO MOCHILA CASUAL B210 15.6 PT,O,10,2.0,O-10-2,1214
22020746,LENOVO MOCHILA CASUAL B210 15.6 PT,O,10,3.0,O-10-3,1215
22020815,LENOVO CASE P NOTEBOOK URBAN SLEEVE CZ,O,10,4.0,O-10-4,1216
22020746,LENOVO MOCHILA CASUAL B210 15.6 PT,O,10,5.0,O-10-5,1217
VAZIO,VAZIO,O,11,1.0,O-11-1,1218
VAZIO,VAZIO,O,11,2.0,O-11-2,1219
22023526,APPLE ,O,11,3.0,O-11-3,1220
22022736,OVVI CM CP IPHONE 14 ANTIBAC PT,O,11,4.0,O-11-4,1221
22022125,OVVI CM CP IPHONE 15PLUS ANTIBAC BR,O,11,4.0,O-11-4,1222
22022278,OVVI CM CP GALAXY S24 ANTIBAC PT,O,11,5.0,O-11-5,1223
22023319,CM CP GALAXY A56 5G SOFT SERIES 1.5 PT,O,12,1.0,O-12-1,1224
22023318,CM CP GALAXY A36 5G SOFT SERIES 1.5 PT,O,12,2.0,O-12-2,1225
22023198,OVVI CM CP IPHONE 16 SILIC MGSAFE AZ,O,12,3.0,O-12-3,1226
22023202,OVVI CM CP IPHONE 16 SILIC MGSAFE VD,O,12,4.0,O-12-4,1227
22023278,CM CP GALAXY A16 5G SOFT TOUCH PT,O,12,5.0,O-12-5,1228
22022735,OVVI CM CP IPHONE 14 ANTIBAC BR,O,13,1.0,O-13-1,1229
22022694,OVVI CM CP GALAXY S24 ANTIBAC BR,O,13,2.0,O-13-2,1230
22022694,OVVI CM CP GALAXY S24 ANTIBAC BR,O,13,3.0,O-13-3,1231
22022744,OVVI CM CP GALAXY S24+ ANTIBAC BR,O,13,4.0,O-13-4,1232
22022744,OVVI CM CP GALAXY S24+ ANTIBAC BR,O,13,5.0,O-13-5,1233
22022742,OVVI CM CP GALAXY S24 ULTRA ANTIBAC PT,O,14,1.0,O-14-1,1234
22023176,OVVI CM CP IPHONE 16PLUS CLEAR MGSAFE,O,14,1.0,O-14-1,1235
22023555,OVVI CP IPHONE 16E CLEAR MAGSAFE,O,14,1.0,O-14-1,1236
22022743,OVVI CM CP GALAXY S24+ ANTIBAC PT,O,14,2.0,O-14-2,1237
22022741,OVVI CM CP GALAXY S24 ULTRA ANTIBAC BR,O,14,3.0,O-14-3,1238
22023280,CM CP MOTOROLA G55 5G SOFT TOUCH PT,O,14,4.0,O-14-4,1239
22023280,CM CP MOTOROLA G55 5G SOFT TOUCH PT,O,14,5.0,O-14-5,1240
VAZIO,VAZIO,P,9,1.0,P-9-1,1241
22023323,RM ALMOFADA MASSAG. SHIATSU PILLOW CZ,P,9,2.0,P-9-2,1242
22023323,RM ALMOFADA MASSAG. SHIATSU PILLOW CZ,P,9,3.0,P-9-3,1243
22023323,RM ALMOFADA MASSAG. SHIATSU PILLOW CZ,P,9,4.0,P-9-4,1244
22023323,RM ALMOFADA MASSAG. SHIATSU PILLOW CZ,P,9,5.0,P-9-5,1245
VAZIO,VAZIO,P,10,1.0,P-10-1,1246
VAZIO,VAZIO,P,10,2.0,P-10-2,1247
22023321,RM MINI PISTOLA MASSAG. DEEP THERAPY AZ,P,10,3.0,P-10-3,1248
22023766,WAP ROBO ASPIRADOR DE PÓ W1000 BR,P,10,4.0,P-10-4,1249
22023613,GSHIELD FILME EXPRESS 7 POL CLEAR,P,10,5.0,P-10-5,1250
VAZIO,VAZIO,P,11,1.0,P-11-1,1251
22023930,LENOVO TAB POPLAR 4GB 64GB ZAEH0151BR CZ,P,11,2.0,P-11-2,1252
22023930,LENOVO TAB POPLAR 4GB 64GB ZAEH0151BR CZ,P,11,3.0,P-11-3,1253
22023532,APPLE IPAD 11 POL WIFI 128GB PR,P,11,4.0,P-11-4,1254
22021911,LENOVO MOUSE SEM FIO 300 GY51L15677 BR,P,11,4.0,P-11-4,1255
VAZIO,VAZIO,P,11,5.0,P-11-5,1256
VAZIO,VAZIO,P,12,1.0,P-12-1,1257
22023322,RM MASSAGEADOR PESCOÇO BLUE 6D AZM,P,12,2.0,P-12-2,1258
22021838,APPLE ,P,12,3.0,P-12-3,1259
22021838,APPLE ,P,12,3.0,P-12-3,1260
22021817,AMAZON ECHO POP SPEAKER ALEXA BR,P,12,3.0,P-12-3,1261
22021805,AMAZON ECHO DOT 5ª GER SPEAKER ALEXA PT,P,12,3.0,P-12-3,1262
VAZIO,VAZIO,P,12,4.0,P-12-4,1263
22022219,WAP CAIXA SOM BT WAAW US 200SB DUO PT,P,12,5.0,P-12-5,1264
22022338,LENOVO NTB IDEAPAD1 15IAU7 8GB 512GB PR,P,13,1.0,P-13-1,1265
22020467,POSITIVO NOTEBOOK MOTION Q464C CZ,P,13,1.0,P-13-1,1266
22022219,WAP CAIXA SOM BT WAAW US 200SB DUO PT,P,13,2.0,P-13-2,1267
22022219,WAP CAIXA SOM BT WAAW US 200SB DUO PT,P,13,3.0,P-13-3,1268
22020791,LENOVO NOTEBOOK GAMING i5 8GB 512GB PT,P,13,4.0,P-13-4,1269
22020791,LENOVO NOTEBOOK GAMING i5 8GB 512GB PT,P,13,5.0,P-13-5,1270
22022628,GEONAV SUPERPOWER GAN DUO 35W BR,SL17,A,,SL17-A-,800
22019185,ALFACOMEX CARREGADOR PORTATIL 6000mah AZ,SL17,A,,SL17-A-,1040
22022695,"GEONAV CABO 2X1 USB-C+ LIGHTNINIG 1,5 CZ",SL17,A,,SL17-A-,790
22023319,CM CP GALAXY A56 5G SOFT SERIES 1.5 PT,SL17,B,,SL17-B-,790
22022600,CUSTOMIC CAPA SSG A35 5G IMPACTOR TPT,SL17,?,,SL17-?-,200
22023275,CM CP GALAXY A06 IMPACTOR CLEAR,SL17,B,,SL17-B-,160
22021611,DPC MASSAGEADOR SHIATSU DE PÉS RENPHO PT,SL17,B,,SL17-B-,6
22022835,WAP CAIXA SOM BT WAAW BOOM 200 PT,SL17,B,,SL17-B-,50
22022097,OVVI CM CP IPHONE 15 HOLO MAGSAFE,SL17,D,,SL17-D-,50
22023166,OVVI CM CP IPHONE 16 CLEAR MGSAFE,SL17,?,,SL17-?-,1
22023173,OVVI CM CP IPHONE 16PMAX SILIC MGSAFE RS,SL17,C,,SL17-C-,50
22022749,OVVI CM CP GALAXY S24+ SILIC PT,SL17,D,,SL17-D-,20
22022627,GEONAV CABO USBC CONECT. LIGHTNING 2M AZ,SL17,C,,SL17-C-,30
22022695,"GEONAV CABO 2X1 USB-C+ LIGHTNINIG 1,5 CZ",SL17,?,,SL17-?-,2
22023186,OVVI CM CP IPHONE 16PMX SILIC MGSAFE VDC,SL17,?,,SL17-?-,10
22023557,CM CP IPHONE 16E IMPACTOR CLEAR,SL17,C,,SL17-C-,20
22018137,"CABO GEONAV PREMIUM 3X1 1,5M NYLON CINZA",SL17,C,,SL17-C-,80
22023318,CM CP GALAXY A36 5G SOFT SERIES 1.5 PT,SL17,C,,SL17-C-,300
22022602,CUSTOMIC CAPA SSG A55 5G IMPACTOR TPT,SL17,?,,SL17-?-,3
22023320,CM CP GALAXY A16 5G SOFT SERIES 1.5 PT,SL17,C,,SL17-C-,1800
22023317,CM CP GALAXY A26 5G SOFT SERIES 1.5 PT,SL17,C,,SL17-C-,230
22023262,OVVI GSHIELD FILME PRO CLEAR,SL17,C,,SL17-C-,599
22023263,OVVI GSHIELD FILME PRO FOSCA,SL17,D,,SL17-D-,149775
22023264,OVVI GSHIELD FILME PRO PRIVACIDADE,SL17,?,,SL17-?-,625
22022668,OVVI AF CAR. PORTÁTIL UNIV 12000MAH CZ,SL17,?,,SL17-?-,4
22022762,OVVI AF CABO USBC LIGHTNING 2M KEVLAR PT,SL17,?,,SL17-?-,5
22022773,OVVI AF CABO 2X1 KEVLAR 2M CZ,SL17,?,,SL17-?-,6
22022892,OVVI CP IPHONE 15PRO SILIC MGSAFE PT,SL17,C,,SL17-C-,100
22022894,OVVI CP IPHONE 15PRO CLEAR MGSAFE,SL17,?,,SL17-?-,7
22022748,OVVI CM CP IPHONE 15 SILIC MAGSAFE PT,SL17,D,,SL17-D-,200
22022753,OVVI CM CP IPHONE 15 CLEAR MAGSAFE TPT,SL17,D,,SL17-D-,270
22023223,OVVI CM CP GALAXY S25 ULTRA SILIC PT,SL17,D,,SL17-D-,480
22022758,OVVI CM CP GALAXY S24 ULTRA SILIC PT,SL17,D,,SL17-D-,100
22022710,OVVI CM CP IPHONE 15 SILIC MGSAFE AM,SL17,D,,SL17-D-,100
22023222,OVVI CM CP GALAXY S25 ULTRA SILIC CZ,SL17,D,,SL17-D-,90
22023221,OVVI CM CP GALAXY S25 SILIC PT,SL17,D,,SL17-D-,40
22023168,OVVI CM CP IPHONE 16PMAX ANTIBAC BR,SL17,?,,SL17-?-,8
22023266,OVVI CM CP GALAXY S25+ SILIC PT,SL17,?,,SL17-?-,9
22023199,OVVI CM CP IPHONE 16 SILIC MGSAFE CZ,SL17,D,,SL17-D-,170
22021664,APPLE ,SL17,?,,SL17-?-,10
22023203,OVVI CM CP IPHONE 16 SILIC MGSAFE VDC,SL17,?,,SL17-?-,11
22022742,OVVI CM CP GALAXY S24 ULTRA ANTIBAC PT,SL17,?,,SL17-?-,12
22023165,OVVI CM CP IPHONE 16 ANTIBAC BR,SL17,?,,SL17-?-,13
22022737,OVVI CM CP IPHONE 15 ANTIBAC BR,SL17,?,,SL17-?-,14
22021964,OVVI CM ALÇA UNIVERSAL AZ,SL17,?,,SL17-?-,15
22020879,POSITIVO ROBO ASPIRADOR SMART WIFI BR,SL42,H,,SL42-H-,312
22023541,AMVOX CAIXA AMPLIF ACA 150 POP PT,SL42,J,,SL42-J-,173
22023542,AMVOX CAIXA AMPLIF ACA 410 NEON PT,SL42,H,,SL42-H-,75
22023545,AMVOX CAIXA AMPLIF ACA 251 NEW X PT,SL42,J,,SL42-J-,243
22022616,SSG SMARTTV 50POL QLED THE FRAME 24 PT,SL42,I,,SL42-I-,3
22023546,RC CAIXA DE SOM LG XBOOM GO XG9S PT,SL42,J,,SL42-J-,3
22022485,SSG SMARTTV 32POL QLED FRAME 23/23 PT,SL42,I,,SL42-I-,19
22022496,SAMSUNG PROJETOR THE FREESTYLE 2ªGER BR,SL42,I,,SL42-I-,162
22022618,SSG SMARTTV 65POL QLED THE FRAME 24 PT,SL42,I,,SL42-I-,5
22022619,APPLE ,SL42,J,,SL42-J-,5
22023746,APPLE ,SL42,I,,SL42-I-,2
22022750,APPLE ,SL17,,,SL17--,85
22023626,APPLE ,SL17,,,SL17--,300
22023625,APPLE ,SL17,,,SL17--,300
22023627,APPLE ,SL17,,,SL17--,300
22022603,APPLE ,SL17,,,SL17--,100
22023599,APPLE ,SL17,,,SL17--,270
22023495,APPLE ,SL17,,,SL17--,250
22023772,APPLE ,SL17,,,SL17--,1010
22028681,APPLE ,SL17,,,SL17--,100
22028728,APPLE ,SL17,,,SL17--,50
22028797,APPLE ,SL17,,,SL17--,150
22023557,APPLE ,SL17,,,SL17--,20
22028704,APPLE ,SL17,,,SL17--,50
22022603,APPLE ,SL42,A,,SL42-A-,300
22023627,APPLE ,SL42,A,,SL42-A-,150
22023625,APPLE ,SL42,A,,SL42-A-,200
22023319,APPLE ,SL42,A,,SL42-A-,90
22023320,APPLE ,SL42,A,,SL42-A-,280
22022598,APPLE ,SL42,A,,SL42-A-,100
22022601,APPLE ,SL42,A,,SL42-A-,50
22022598,APPLE ,SL42,A,,SL42-A-,300
22022599,APPLE ,SL42,A,,SL42-A-,200
22022603,APPLE ,SL42,A,,SL42-A-,100
22023319,APPLE ,SL42,A,,SL42-A-,800
22023222,APPLE ,SL42,A,,SL42-A-,110
22023221,APPLE ,SL42,A,,SL42-A-,120
22023202,APPLE ,SL42,A,,SL42-A-,40
22023203,APPLE ,SL42,A,,SL42-A-,120
22022693,APPLE ,SL42,A,,SL42-A-,300
22023201,APPLE ,SL42,A,,SL42-A-,120
22023286,APPLE ,SL42,A,,SL42-A-,42
22023279,APPLE ,SL42,A,,SL42-A-,200
22023199,APPLE ,SL42,A,,SL42-A-,200
22022603,APPLE ,SL42,B,,SL42-B-,300
22022598,APPLE ,SL42,B,,SL42-B-,1280
22022603,APPLE ,SL42,B,,SL42-B-,750
22022601,APPLE ,SL42,B,,SL42-B-,380
YGSC246U4000,APPLE ,SL42,E,,SL42-E-,80000
YGSC301U4000,APPLE ,SL42,E,,SL42-E-,100000
22023445,APPLE ,SL42,E,,SL42-E-,44
22021611,APPLE ,SL42,F,,SL42-F-,76
22022835,APPLE ,SL42,G,,SL42-G-,166
22023899,APPLE ,SL42,G,,SL42-G-,127
22023323,APPLE ,SL42,G,,SL42-G-,150
22023322,APPLE ,SL42,G,,SL42-G-,160
22023321,APPLE ,SL42,G,,SL42-G-,24
22022526,APPLE ,SL42,G,,SL42-G-,2450
22021676,APPLE ,SL42,B,,SL42-B-,2230
22021980,APPLE ,SL42,B,,SL42-B-,1584
22023279,APPLE ,SL42,B,,SL42-B-,450
22023361,APPLE ,SL42,B,,SL42-B-,200
22022743,APPLE ,SL42,B,,SL42-B-,60
22023176,APPLE ,SL42,B,,SL42-B-,50
22022629,APPLE ,SL42,C,,SL42-C-,211
22023272,APPLE ,SL42,C,,SL42-C-,100
22023170,APPLE ,SL42,A,,SL42-A-,52
22022630,APPLE ,SL42,C,,SL42-C-,70
22022599,APPLE ,SL42,D,,SL42-D-,50
22023166,APPLE ,SL42,C,,SL42-C-,20
22023318,APPLE ,SL42,B,,SL42-B-,500
22023278,APPLE ,SL42,A,,SL42-A-,500
22023362,APPLE ,SL42,A,,SL42-A-,100
22023298,APPLE ,SL42,A,,SL42-A-,50
22023199,APPLE ,SL42,B,,SL42-B-,200
22023168,APPLE ,SL42,B,,SL42-B-,100
22022892,APPLE ,SL42,C,,SL42-C-,50
22022738,APPLE ,SL42,A,,SL42-A-,50
22022912,APPLE ,SL42,C,,SL42-C-,100
22023350,APPLE ,SL42,A,,SL42-A-,50
22023617,APPLE ,SL42,C,,SL42-C-,120
22020789,APPLE ,SL42,C,,SL42-C-,1000
22023198,APPLE ,SL42,D,,SL42-D-,100
22023189,APPLE ,SL42,D,,SL42-D-,80
22022631,APPLE ,SL42,D,,SL42-D-,80
22022282,APPLE ,SL42,C,,SL42-C-,110
22022726,APPLE ,SL42,C,,SL42-C-,90
22022738,APPLE ,SL42,D,,SL42-D-,100
22022710,APPLE ,SL42,D,,SL42-D-,100
22022693,APPLE ,SL42,D,,SL42-D-,50
22022736,APPLE ,SL42,D,,SL42-D-,120
22022633,APPLE ,SL42,D,,SL42-D-,140
22023198,APPLE ,SL42,D,,SL42-D-,120
22023190,APPLE ,SL42,D,,SL42-D-,80
22022741,APPLE ,SL42,D,,SL42-D-,150
22023626,APPLE ,SL42,C,,SL42-C-,200
22023370,APPLE ,SL42,C,,SL42-C-,1000
22023371,APPLE ,SL42,C,,SL42-C-,4250
22023372,APPLE ,SL42,C,,SL42-C-,2250
22022748,APPLE ,SL42,C,,SL42-C-,40
TGSA73161000,APPLE ,A,1,1.0,A-1-1,36
TGSA57566000,APPLE ,A,1,1.0,A-1-1,25
23673000,APPLE ,M,1,,M-1-,70
23463000,APPLE ,M,1,,M-1-,40
23363000,APPLE ,M,1,,M-1-,80
23663000,APPLE ,M,1,,M-1-,90
22722000,APPLE ,M,2,,M-2-,140
14862000,APPLE ,M,2,,M-2-,70
22762000,APPLE ,M,2,,M-2-,170
TGSA57362000,APPLE ,A,3,1.0,A-3-1,2
17622000,APPLE ,M,3,,M-3-,310
23683000,APPLE ,M,3,,M-3-,300
25022000,APPLE ,M,4,,M-4-,310
17662000,APPLE ,M,4,,M-4-,370
25062000,APPLE ,M,5,,M-5-,530
20312000,APPLE ,M,6,,M-6-,950
20362000,APPLE ,M,7,,M-7-,1710
563C4000,APPLE ,N,1,,N-1-,140
57362000,APPLE ,N,2,,N-2-,170
57112000,APPLE ,N,2,,N-2-,25
557C4000,APPLE ,N,3,,N-3-,40
560C4000,APPLE ,N,3,,N-3-,100
55644000,APPLE ,N,3,,N-3-,120
56124000,APPLE ,N,4,,N-4-,420
548B4000,APPLE ,N,4,,N-4-,440
56162000,APPLE ,N,5,,N-5-,380
TGSA546C4000,APPLE ,N,5,,N-5-,920
TGSA56862000,APPLE ,N,6,,N-6-,190
TGSA556C4000,APPLE ,N,6,,N-6-,420
56364000,APPLE ,N,7,,N-7-,2180
22022526,APPLE ,N,8,,N-8-,2300
57622000,APPLE ,O,1,,O-1-,40
57142000,APPLE ,O,1,,O-1-,20
57662000,APPLE ,O,1,,O-1-,50
56224000,APPLE ,O,2,,O-2-,60
54314000,APPLE ,O,2,,O-2-,90
TGSA556C4000,APPLE ,O,2,,O-2-,240
56064000,APPLE ,O,3,,O-3-,40
57312000,APPLE ,O,3,,O-3-,20
55614000,APPLE ,O,3,,O-3-,50
55664000,APPLE ,O,3,,O-3-,290
TGSA554B4000,APPLE ,O,4,,O-4-,70
TGSA55414000,APPLE ,O,4,,O-4-,70
TGSA546B4000,APPLE ,O,4,,O-4-,700
TGSA56224000,APPLE ,O,5,,O-5-,220
TGSA526B4000,APPLE ,O,5,,O-5-,60
TGSA50554000,APPLE ,O,5,,O-5-,70
TGSA50344000,APPLE ,O,5,,O-5-,50
TGSA56264000,APPLE ,O,6,,O-6-,860
22023096,APPLE ,O,7,,O-7-,5
BGSA569C4000,APPLE ,O,7,,O-7-,19
22023559,APPLE ,O,7,,O-7-,20
22023558,APPLE ,O,7,,O-7-,140
22023946,APPLE ,P,1,,P-1-,160
TGMO498C2000,MOTO,P,2,,P-2-,305
TGMO491P2000,MOTO,P,2,,P-2-,95
TGMO488B2000,MOTO,P,3,,P-3-,410
TGMO460B2000,MOTO,P,4,,P-4-,45
TGMO55652000,MOTO,P,4,,P-4-,40
TGMO47952000,MOTO,P,5,,P-5-,290
TGMO55602000,MOTO,P,5,,P-5-,50
TGMO491C2000,MOTO,P,6,,P-6-,910
TGMO55652000,MOTO,P,7,,P-7-,400
TGMO50152000,MOTO,P,8,,P-8-,750
